peptide,length,score
RAVWTIIFIV,10,0.70553
VQTIVFIWFI,10,0.68134
RTYWIIIEL,9,0.64739
LLVIWILIVA,10,0.61862
SMLGIWFFTL,10,0.60748
RYVFFEIIHF,10,0.5992
WLIIIFFIV,9,0.59348
MLGIWFFTL,9,0.5923
YIVRWEWVV,9,0.58649
RAVWTIIFI,9,0.58009
SLLVIWILIV,10,0.57692
LVIWILIVAI,10,0.56787
KWPWYIWLGF,10,0.56424
LIIIFFIVLI,10,0.55876
LLVIWILIV,9,0.5567
NTNIIIFFL,9,0.5539
MILIEGIFFV,10,0.5533
AVWTIIFIV,9,0.5424
KLRNWQWWRL,10,0.53888
LIIIFFIVL,9,0.53776
SMLGIWFFT,9,0.53581
FTLIDIWFL,9,0.53254
FIWFIFHFV,9,0.5252
LVIWILIVA,9,0.52169
LLNGWRWRL,9,0.5136
LMNNAFEWIV,10,0.50244
YTNWAIILLV,10,0.49793
TLIDIWFLA,9,0.49595
GLIVGIIFTA,10,0.4941
LLLIWFRPV,9,0.49342
LMFIFTGITL,10,0.49062
YTNWAIILL,9,0.49001
CPEAIIEIL,9,0.48901
EEIRRIWRQ,9,0.48814
KYQEFFWDA,9,0.48725
KYQEFFWDA,9,0.48725
FLRIVVWFV,9,0.48512
SLLVIWILI,9,0.48189
ILIEGIFFA,9,0.46943
ILIEGIFFV,9,0.46943
ILIEGIFFV,9,0.46943
LLIEGIFFI,9,0.46943
SLWGIRWYI,9,0.4691
SPRTEYWTIV,10,0.46879
AAAWYLWEV,9,0.46699
ITPWNFEEV,9,0.46619
AIIAIVFVFI,10,0.46581
FLVIWVARA,9,0.46514
SYIILFILFF,10,0.46464
TITPWNFEEV,10,0.46404
IILWFFNAM,9,0.46089
FVIVIYIFTV,10,0.4575
KAYHIIFFV,9,0.45343
RMHITAFFTI,10,0.452
TFAIIAIVF,9,0.44949
ILLWEIPDV,9,0.44567
FAIIAIVFV,9,0.44374
RPPIFIRRL,9,0.44352
KTFAIIAIV,9,0.44303
SLSIFFIVV,9,0.44086
FMREYWFHV,9,0.44016
QPEWFRNVL,9,0.43677
KLLEGEEERL,10,0.43664
VLFEVFVVFI,10,0.43505
AALFFFDID,9,0.43488
ILLFVIVIYI,10,0.43302
YIILFILFFA,10,0.4324
RYIEVEEFI,9,0.4313
VLITWLIDYV,10,0.429
IIIFFIVLI,9,0.42864
FILIFNIIV,9,0.42831
LIVGIIFTA,9,0.42386
YAYGWIPET,9,0.42302
SPRDAWIVL,9,0.42217
LLGLWVFAAL,10,0.42182
QEFFWDAND,9,0.42162
QEFFWDAND,9,0.42162
IIFFIVLILL,10,0.421
FILGIIITV,9,0.42038
QLVWENFLA,9,0.42002
KILAIIFLVL,10,0.41993
SPAITHEEAL,10,0.41753
ILFILFFAYV,10,0.41618
ALFFFDIDL,9,0.41596
YTIERIFNA,9,0.41465
SVYDFFVWL,9,0.40958
PLLFILFYFA,10,0.40848
YMFAIVEIV,9,0.40809
FAAGIIILM,9,0.40752
RIIYIIRFL,9,0.40644
ALEAFAIAVA,10,0.40639
RPLIRLFIDI,10,0.4054
VCGERGFFYT,10,0.40199
AYRRRWRRL,9,0.40171
NVFAFPFTIY,10,0.40129
ILAIIFLVL,9,0.40118
IILFILFFA,9,0.40056
IIAIVFVFI,9,0.40026
RLARAIIEL,9,0.39898
NTPEGIIPAL,10,0.39853
YTPEGIIPTL,10,0.39835
LLQEEEEEL,9,0.3979
IVAWFLLLIL,10,0.39675
AIQDFIIEV,9,0.39482
SYIDIINIY,9,0.3927
IIFFIVLIL,9,0.39266
GQVIWVNNT,9,0.39264
CINGVFWTV,9,0.39202
FVIVIYIFT,9,0.39158
YYNAFHWAI,9,0.39152
GILGFIFTL,9,0.39126
VIVIYIFTV,9,0.39048
IILEFFLIV,9,0.38975
WLMWLIINL,9,0.38891
MSTYGWNIVK,10,0.38793
HMIAGVFFTF,10,0.38745
AIVFVFILT,9,0.38744
SLQEEIAFL,9,0.38735
RLIVLFEVFV,10,0.38543
QLYPEWTEA,9,0.38491
QLWPEEIGV,9,0.38461
ILIEGVFFA,9,0.38301
KILAIIFLV,9,0.38297
SYIILFILF,9,0.38236
DIYRIFAEL,9,0.3822
GIWGFVFTL,9,0.38034
KLNDWDFVV,9,0.37972
YLDEIIEQI,9,0.37965
STYGWNIVK,9,0.37895
SWMIRILIGF,10,0.3786
IFLWLLWPV,9,0.37851
VLLIDILILL,10,0.37692
HMYFTFFDV,9,0.37636
LIVLFEVFVV,10,0.37552
KLLWFLTGT,9,0.37541
NLYIIILNM,9,0.37446
GLFGAIAGFI,10,0.37363
RLFIDILLFV,10,0.37172
GILEFVFTL,9,0.37149
YSARIEENI,9,0.36935
QYSWFVNGTF,10,0.36858
ILDIAGFEI,9,0.36842
FLYIIDWMV,9,0.36754
MIEAFFPELY,10,0.36745
MIEAFFPELY,10,0.36745
LITWLIDYV,9,0.36653
LSPRWYFYYL,10,0.3655
LIAGIILLIL,10,0.36396
AMTAFFGEL,9,0.36327
MIVAWFLLL,9,0.36283
SLFWNEPAI,9,0.36234
YIYYFFIRL,9,0.36184
YVVIAILTVV,10,0.36146
NTPEGIIPA,9,0.36127
ALPHIIDEV,9,0.36105
TMFPHIIVDV,10,0.36102
FVVFILIYV,9,0.36052
NLLEREFGA,9,0.3604
LIMIYFFII,9,0.36008
FILTAILFFM,10,0.35992
SPRTEYWTI,9,0.3595
YQHFVARVFL,10,0.35856
FLPWHRLFL,9,0.35855
LLFVIVIYI,9,0.35816
EIWRDIDFA,9,0.35798
FPFFVAFLAI,10,0.3578
IVIEAIHTV,9,0.35731
FLVGVAIILV,10,0.35692
FLLFLEITYT,10,0.35678
MIVAWFLLLI,10,0.35619
RFLEFEALGF,10,0.35592
RYLEFEALGF,10,0.35592
ILVIFTVAI,9,0.35556
CLTEYILWV,9,0.35509
VLIAGIILLI,10,0.35461
LLSLLVIWIL,10,0.35452
FLFLTWICL,9,0.35397
VIGLIVILFI,10,0.35396
FLFLTWICLL,10,0.35364
LMNNAFEWI,9,0.35361
RYIIILAVL,9,0.35342
MLMFIFTGI,9,0.35316
LLWFLTGTFV,10,0.34976
YLIIGILTL,9,0.34872
IVIGVIILA,9,0.34862
HNPAVFTWP,9,0.34835
ELAGIGILTV,10,0.348
EAAGIGILTV,10,0.348
VLIAGIILL,9,0.34669
ALVLEIFTL,9,0.3465
IPFIAYFVLM,10,0.34498
EYRHTWDRH,9,0.34462
FLYNFWTNV,9,0.34378
LPAIVREAI,9,0.3429
LPAIVREAI,9,0.3429
YRIFAELEG,9,0.34249
YLVDVETIGV,10,0.34208
TPEGIIPALF,10,0.3419
TPEGIIPTLF,10,0.34164
LPRWYFYYL,9,0.34101
SPRWYFYYL,9,0.34101
LLGLWGTAAL,10,0.34096
GIEGFVFTL,9,0.34094
AQVTTTEWV,9,0.34072
LLFNILGGWV,10,0.34021
MADTDDIIDY,10,0.34002
ILTAILFFM,9,0.33833
SFYEDIAEF,9,0.33795
DMWEHAFYL,9,0.33762
FVDFVIHGL,9,0.33758
FTLRHIIGL,9,0.33738
LPFDIATIM,9,0.33727
GLGIFCFRI,9,0.33721
SLAGGIIGV,9,0.3372
LLFILFYFA,9,0.3366
FIFTGITLFL,10,0.33524
TPEGIIPAL,9,0.33498
TIHDIILECV,10,0.33458
ILFTRFFYV,9,0.3343
MPIDERRII,9,0.33318
IVFVFILTA,9,0.33214
GLIIISIFL,9,0.33171
LTAGFLIFL,9,0.33108
RPNSFWFVVV,10,0.33029
VYDFAFRDL,9,0.32994
VLYPVIFIT,9,0.32968
IPFIAYFVL,9,0.32946
FIADIGIGV,9,0.32864
KSLFNTIAVL,10,0.32812
RSLFNTIAVL,10,0.32812
QLFEENPINA,10,0.32805
KPRICTREEF,10,0.32774
AAANIIRTL,9,0.32743
EFFWDANDI,9,0.32682
RSLFNTIATL,10,0.32668
KSLFNTIATL,10,0.32668
RMYIFFASFY,10,0.32633
SLVIVTTFV,9,0.32522
YVVIAILTV,9,0.32402
WLIGFDFDV,9,0.32394
FPITIENAL,9,0.32351
IVAWFLLLI,9,0.32331
LLLGLWGTAA,10,0.32292
RYARTIFNF,9,0.32288
QAIRETVEL,9,0.32266
LLSEIRFYI,9,0.32201
SIMAFILGII,10,0.32189
SLPDIFYNFI,10,0.32178
RYSIFFDYM,9,0.32098
KLYAAIFGV,9,0.32015
VDSIFEQWL,9,0.32013
TLINGVWVV,9,0.31961
ILIPFLILFI,10,0.31956
AEWFLAYILF,10,0.31936
FLLRWEQEI,9,0.31917
AIILVIFTV,9,0.319
NFLEHTEFL,9,0.31809
LIQEIVHEV,9,0.31741
STLIVTIYV,9,0.31722
AAGIGILTV,9,0.31652
SFQTFHEYII,10,0.31585
FLDHREIHY,9,0.31562
ILYIVFCII,9,0.31538
SLPEIAANHI,10,0.31512
FAELEGVWQ,9,0.315
FLVGVAIIL,9,0.31461
RPRDAIRFL,9,0.31458
ELAGIGILT,9,0.31414
CQYLWEYYGV,10,0.31404
LIVLFEVFV,9,0.31373
WQWEHIPPA,9,0.31359
KPRWLDARI,9,0.31303
RPRWLDART,9,0.31303
GVLDAVWRV,9,0.31286
LSEITYRFY,9,0.31282
LSEITYRFY,9,0.31282
NLVPWVATV,9,0.3125
LISFFGLFDI,10,0.31242
FLLIRYITT,9,0.31224
IEAFFPELY,9,0.31208
IEAFFPELY,9,0.31208
YLEEPIRGY,9,0.31121
YLEEPIRGY,9,0.31121
VLLFLAFVVF,10,0.31066
RYWYFAAEL,9,0.31053
RLFLLRWEQ,9,0.3102
RQMEGEGVFK,10,0.30939
KHGDVITII,9,0.30932
KLGDVITII,9,0.30932
FLAARLWRA,9,0.30921
KLITFLFVI,9,0.30874
RPHERNGFTV,10,0.30873
AEVEEHRTV,9,0.30846
FVFILTAIL,9,0.30844
HSWEDIPYL,9,0.30801
ILYAAFLWL,9,0.30653
YLPAIVREA,9,0.30641
RYNFINRTL,9,0.30557
ILGFVFTLT,9,0.30548
YILYIVFCII,10,0.30494
GTLGFVFTL,9,0.30484
GVLGFVFTL,9,0.30484
WILGFVFTL,9,0.30484
GILGFVFTL,9,0.30484
GMLGFVFTL,9,0.30484
TVQEFIFSA,9,0.30457
IQYIDIGNY,9,0.30442
RYIDITNIL,9,0.30396
YIIFVYIPL,9,0.30356
KLLLWFNYL,9,0.30352
LLGLWGTAA,9,0.30306
TLATIAWMV,9,0.30253
NVFAFPFTI,9,0.30241
TPGPGVRWPL,10,0.30222
TMLEDHEFV,9,0.3021
YLFNAIETM,9,0.30205
FLAFVVFLL,9,0.30188
QLLFVVEVV,9,0.30188
MTKEEFTRY,9,0.30145
IMGVIFLISV,10,0.30136
QLVGRVFAGL,10,0.30112
NLIIHTAAL,9,0.30104
YLYTEYFLFI,10,0.301
YLYTEYFLFL,10,0.301
DILEDIVLTL,10,0.30053
YQLWTALISL,10,0.30041
LLLIGICVAV,10,0.29987
YQDFIYLLFA,10,0.2996
RPRGEVRFL,9,0.29934
LLQEYNWEL,9,0.2989
RMEIFLVLL,9,0.29834
YCCIRVFLA,9,0.298
GMGEAAAIF,9,0.29746
LLLIGCWYC,9,0.29735
SLHEHIANL,9,0.29727
SLHEHIANLA,10,0.29724
RPSTRNFFEL,10,0.29696
SPGIRPRFL,9,0.29696
VLNETTNWL,9,0.29695
LIVILFIMFM,10,0.296
RFVIFPIQY,9,0.29552
YQLAVTITAI,10,0.29467
YMTFGDIPLV,10,0.29444
LPHERHREL,9,0.29428
QLEELEDEL,9,0.29392
LLGLWGLATA,10,0.2938
KVSIWNLDY,9,0.29343
VISVIFYFI,9,0.29292
AFAAVEGIF,9,0.29288
LLLFHETGV,9,0.29251
GLMNNAFEWI,10,0.29241
IIWVATEGA,9,0.29238
SGSPWRFLK,9,0.29188
GINTIPIAL,9,0.2913
LLIDILILL,9,0.29052
YMTFGDIPL,9,0.29012
FVDVIIIKV,9,0.28994
GLADAFILL,9,0.28916
VYGIRLEHF,9,0.28828
NIAEYIAGL,9,0.28795
LIPFLILFI,9,0.28772
SWMVRILIGF,10,0.28622
VMLFILAGL,9,0.28618
FILFFAYVM,9,0.28603
LIAGIILLI,9,0.28584
NIYDLFVWM,9,0.28478
GIGILTVIL,9,0.28326
SVIFYFISI,9,0.28326
YINVFAFPF,9,0.28259
FLLLYTIIVL,10,0.28116
QWNLVIGFLF,10,0.28076
QENPYRTWAY,10,0.27988
LLLGLWGTA,9,0.27949
SVPAEILRR,9,0.27943
YMCLIIICCV,10,0.27882
FILALCIIFV,10,0.27847
APINWAQGFI,10,0.27845
LLTEVETYV,9,0.2784
LQAGFFLLTR,10,0.27768
RQMEGEGIF,9,0.27736
GLADVFAEL,9,0.27694
RPNSFWFVV,9,0.27686
GLFDFVNFV,9,0.27612
FLNISWFYI,9,0.27587
SFLFVEALF,9,0.27519
SFLFVEALF,9,0.27519
IMDFIGPYI,9,0.27498
ALWIPDLFM,9,0.27494
TLIGNFAAHL,10,0.27375
WLLWPVTLA,9,0.27363
APTRVVAAEM,10,0.27343
TLMIERFVSL,10,0.2732
FLFVEALFQ,9,0.27291
NFLEVEDYGF,10,0.27241
IPAALIILL,9,0.27239
AIRETVELR,9,0.27223
FIAGLIAIV,9,0.27206
ALTAVAEEV,9,0.272
LQTGIHVRV,9,0.27183
YPIIDIKWL,9,0.27142
FAAELTIGV,9,0.27131
LVITINYFL,9,0.27105
AITEVECFL,9,0.2707
FITIFNISI,9,0.27009
RTFLIDLAFL,10,0.26902
SLVENNFFT,9,0.26896
KGSRAIWYMW,10,0.26887
RIFAELEGV,9,0.26873
IIFWFSLEL,9,0.2683
EGDAFELTV,9,0.26814
FLFVIGALA,9,0.26758
SFAIKWEYVL,10,0.26757
GLIACLIFVT,10,0.26747
LLLLGLWGTA,10,0.26723
SDNEIHNPAV,10,0.26716
RYPIIDIKW,9,0.26712
VLSEWLPVT,9,0.26707
TLARGFPFV,9,0.26702
RYRFAFLYLL,10,0.26666
MATYGWNLVK,10,0.26625
SLYNTIAIL,9,0.26615
IGLITVLFL,9,0.26602
SPEIIRQHL,9,0.26588
ATYGVWPPV,9,0.26577
LLFDRDTFYI,10,0.2655
YLDIFCWKV,9,0.26531
CQWGRLWQL,9,0.26522
CMWGRLWQL,9,0.26522
SYQSFLFWFL,10,0.26467
FTGITLFLL,9,0.2646
LMIIPLINV,9,0.26442
IADDRIVVY,9,0.26416
SLFNTIAVLY,10,0.26408
YMATTILEM,9,0.26398
KTIIALLFA,9,0.26382
RLVDFFPDI,9,0.26352
LEFEALGFM,9,0.26341
YIIRVTTEL,9,0.26328
VLLFLAFVV,9,0.26315
KMAAFPETL,9,0.26281
HPSGYIREAL,10,0.26248
VADAVIHAS,9,0.26221
SLFNTIATLY,10,0.262
TLLGLILFVL,10,0.26178
GPIRFVLAL,9,0.26164
AMRNAGIVGV,10,0.26131
FIAFLRFLA,9,0.26074
APYIALLTIA,10,0.2601
QVPLIVGIL,9,0.26006
RYRSGFWII,9,0.25823
RPVVVVNWI,9,0.25796
CINGVWCTV,9,0.25789
FEDAAIVDY,9,0.25775
YLQQNWWTL,9,0.25767
KPIDDRFAH,9,0.2575
KPIDDRFAN,9,0.2575
GMSWITQGL,9,0.25737
STYGWNLVR,9,0.25727
LLGLILFVLA,10,0.2572
ILSAVAIFCI,10,0.25655
IISYIILFI,9,0.2565
RLPYYDPWFL,10,0.25558
ILALCIIFV,9,0.25504
RFTIGRALF,9,0.25478
RPIDDRFGL,9,0.25444
ALARWLPPV,9,0.2542
TLYAVATTFV,10,0.25417
RYVNVHFIM,9,0.2541
SYNISIIVLF,10,0.25396
AVPEVTDVTL,10,0.25355
LHLAVIGAL,9,0.25271
CMLTEFLHY,9,0.2527
GIFCFRILL,9,0.25231
HTWDRHDEG,9,0.25229
FLTGTFVTA,9,0.25222
ILLLIGICVA,10,0.25174
SLFNTIAVL,9,0.25171
FLTEAIVHSV,10,0.25055
YIVGANIET,9,0.25033
SLFNTIATL,9,0.25027
SLSAYIIRV,9,0.24991
RTTWSIHAK,9,0.24983
KLAEAIFKL,9,0.24963
LCLIFLLVL,9,0.24864
RMYVGGVEHR,10,0.2486
MMIDDFGTA,9,0.2486
HPALVFDIT,9,0.24842
APGTHIRYL,9,0.24836
LWLLWPVTL,9,0.24802
ATWAENIQV,9,0.24732
SMHFYGWSL,9,0.24688
SDNEIHNPA,9,0.24676
FPIDHAVII,9,0.24645
NFIHGHETI,9,0.24638
TKWTDIPYL,9,0.24632
LTGDENFTI,9,0.24621
FLFAVGFYL,9,0.24611
YTFLYNFWT,9,0.24537
LLYILRYIV,9,0.24528
ILTLDIFYL,9,0.24496
VPFVVFLVA,9,0.2447
KLQVFLIVL,9,0.24394
LLLDDFVEI,9,0.24386
DLLEEGNTL,9,0.24377
HTEFLGNIY,9,0.2437
HTEFLGNIY,9,0.2437
MMKTYIEFV,9,0.24364
TFLIDLAFL,9,0.2429
FIDILLFVI,9,0.2428
LMIERFVSL,9,0.24273
HLAVIGALL,9,0.24228
HLGELHAIL,9,0.24218
LLGLILFVL,9,0.24192
TLLDHIRTA,9,0.24186
SIILEFFLMV,10,0.24178
KSLFNTVAVL,10,0.2417
RSLFNTVAVL,10,0.2417
SMWALIISV,9,0.24141
KLLPEGYWV,9,0.24094
SVFRENLFL,9,0.24053
FAHEAPAFL,9,0.24033
KSLFNTVATL,10,0.24026
RSLFNTVATL,10,0.24026
SLLFIPDIKL,10,0.2402
AQGDDDVWT,9,0.24006
WLGAAITLV,9,0.24003
FVNEFYAYL,9,0.24003
TFPIDHAVI,9,0.23951
LYAVATTIL,9,0.2394
AQLLTEFAI,9,0.23895
GILGFVTTL,9,0.2388
DYPYRLWHY,9,0.23848
VIHDYICWL,9,0.23842
FLNFHTVGV,9,0.23838
TSETHFGNY,9,0.23808
KMYAFTLES,9,0.23785
QTTPYNFIAK,10,0.23692
LPWHRLFLL,9,0.23673
VTGGVFLVDK,10,0.23666
ILEDIVLTL,9,0.2366
LPCVLWPVL,9,0.23651
FVNYDFTIV,9,0.2365
FLDWMDTFGL,10,0.23583
FLFVEALFQE,10,0.23582
GIFEDRAPV,9,0.23561
SWIYDIPEL,9,0.2355
KLVIIFMNL,9,0.23514
QLRRHIDLLV,10,0.23502
TIMGVIFLI,9,0.2349
LLFPWPLPTV,10,0.23462
TLLTIDGGI,9,0.23434
GILVLFGFF,9,0.23434
AFLGERVTL,9,0.23424
LMVESFIEV,9,0.23407
KLTFLDVEV,9,0.23382
VMVELVAEL,9,0.23373
STVAPEEDT,9,0.23368
NTCDGTTFTY,10,0.23364
ALATFTVNI,9,0.23336
ILSCIFAFI,9,0.23327
GIDGNVTFTV,10,0.23322
SPVIVNGAM,9,0.23289
SYNISIIVL,9,0.23244
EVYEGVWKK,9,0.23235
SIMAFILGI,9,0.23209
KIFVDGVPFV,10,0.23204
IPMATYGWNL,10,0.23163
CVNGVCWTV,9,0.23107
CLNGVCWTV,9,0.23107
CINGVCWTV,9,0.23107
CINGVCWTA,9,0.23107
GILGVVFTL,9,0.23104
VLLLIGCWY,9,0.23066
ILHVDNHIGI,10,0.22991
SIMDFIGPYI,10,0.2293
AIATFAAPV,9,0.22913
SLLELPEFL,9,0.22881
RYYDGNIYEL,10,0.22848
YILYIVFCI,9,0.22844
LPIHTAELL,9,0.2284
SFQTFHEYI,9,0.22825
FYRYGFVANF,10,0.22818
ILWFFNAMV,9,0.22803
TLYDFDYYII,10,0.22788
NTASWFTAL,9,0.22775
ILLLIGICV,9,0.22756
AVAANIVLTV,10,0.22755
TPARVTGGVF,10,0.2274
FLGERVTLT,9,0.22729
NLLMWEAVTV,10,0.22725
PLIVGILLV,9,0.22718
YLSIYGFGV,9,0.22712
SANDPIFLL,9,0.22702
NLVPIVATV,9,0.2264
ALYPEYIYTV,10,0.22638
TMLMFIFTGI,10,0.22606
ILTVILGVL,9,0.22602
FLYENAFLPF,10,0.22571
YMVPFIPLY,9,0.22568
FVARVFLGL,9,0.22562
KLTGDENFT,9,0.22549
SYEVFDDYF,9,0.22548
IPSDLERRIL,10,0.22548
FTSHEHFGL,9,0.2254
FANNEFTLV,9,0.22537
ISIVNNEFY,9,0.22525
WLGNHGFEV,9,0.22519
LVHQIFGTAY,10,0.22506
SLYNTIAVLY,10,0.22488
KMHDVIAPA,9,0.22484
FLLTRILTI,9,0.22446
WLRLPRIFC,9,0.22428
LPVADAVIH,9,0.2238
RQMEGEGVL,9,0.22372
NFTDDNRWI,9,0.22353
QYSDRRWCF,9,0.22318
WMNGTGFTK,9,0.22318
TSIPLAYFFK,10,0.22306
TSIPLAYFFK,10,0.22306
TLLEFVFKL,9,0.22281
SLYNTIATLY,10,0.2228
FFWDANDIY,9,0.22271
RPTFAAGLLL,10,0.22266
LLLWPLYVLL,10,0.22257
TIYYGVPVWK,10,0.2221
TVYYGVPVWK,10,0.2221
TIYYGVPVWR,10,0.2221
TTWEDVPYL,9,0.22159
SSWEDVPYL,9,0.22159
RQIFIHYSV,9,0.22127
TPMLRHTIEN,10,0.2211
RFTHTTAFF,9,0.22091
GVDPNIRTGV,10,0.22062
GIDPNIRTGV,10,0.22062
RSGIDTNAY,9,0.22046
KLVVLGINAV,10,0.21982
FLHCIVFNV,9,0.21973
AACIVGCENV,10,0.21959
MMWYWGRSLY,10,0.2195
NLLVTGFDT,9,0.2194
YLGTGPEAGL,10,0.21933
RLIVFPDLGV,10,0.21926
LLLWPLYVL,9,0.21905
AAAAGWQTL,9,0.2185
VLPGVVVPIV,10,0.21816
SPIINREGKV,10,0.21807
KLVALGINAV,10,0.21765
VTLAILTALR,10,0.21765
KLVTLGINAV,10,0.21734
FVNHRFTLV,9,0.21733
IMLDVAFTS,9,0.21723
KLTALGINAV,10,0.21685
SYVVFTISVL,10,0.21652
FIHGGILYAA,10,0.2165
LLFPWPLPT,9,0.21626
QYIKWPWYI,9,0.21624
FLSRVFFCV,9,0.21608
TVSGLAWTR,9,0.21605
KLMIYGLPWM,10,0.21594
ALVALVITI,9,0.21583
TPEGIIPSM,9,0.21546
TIFSTIIFV,9,0.21533
FPSVFINPI,9,0.21518
LLRREVYDF,9,0.21508
VMYAFTTPL,9,0.21499
VLFGLGFAI,9,0.21486
DLDEPEQFRL,10,0.21465
SYQDFIYLL,9,0.2144
GVAGALVAFK,10,0.21438
GDDDVWTSG,9,0.21433
GIETELATL,9,0.21432
QTANVVFRY,9,0.21429
TPGPGVRFPL,10,0.21408
AMIELCGAFL,10,0.21397
LLIGICVAV,9,0.21385
VLAADAVFV,9,0.21374
VQYIKFIFL,9,0.21364
QSDTVFDYY,9,0.21322
EEATALGREL,10,0.21314
TYATFLVTW,9,0.21284
SPIFCLERL,9,0.2128
YLDGAADIV,9,0.21271
YLDTDVILM,9,0.21256
YPDTDVILM,9,0.21256
SLYNTIAVL,9,0.21251
TPRVTGGGAM,10,0.2125
TPRVTGGGAM,10,0.2125
LLYAHINAL,9,0.21235
YSEHPTFTS,9,0.21227
SLYNTITVL,9,0.21225
SYCRAFIYSI,10,0.21218
QMMRNEFRV,9,0.21207
RYMGEDGCWY,10,0.21202
SPNPTVEAGR,10,0.21181
TPGPGTRFPL,10,0.21168
QQIFLEVQA,9,0.21161
VIWVNNTII,9,0.21157
ITEAELTGY,9,0.21149
AANPHATFGV,10,0.21148
GILTVILGV,9,0.21138
NPANNAAIVL,10,0.21126
ALWDVALLEV,10,0.21122
ELEGVWQPA,9,0.21107
SLYNTIATL,9,0.21107
RPEIDVLPF,9,0.21104
RVTGGVFLV,9,0.21088
NLVPFVATV,9,0.2108
LPFDRPTIM,9,0.2108
LPQFATAAT,9,0.21072
KPLDDRFAT,9,0.2107
VMYAFTTPLI,10,0.21067
WPLLNIGIV,9,0.21058
HERNGFTVL,9,0.21037
TFLNNIAFL,9,0.21029
QRNAPRITF,9,0.21019
ILWFFNAMVL,10,0.21015
QMVNTVLITV,10,0.20945
QIITLTAFV,9,0.20942
FTWPPWQAGI,10,0.20942
IILEFFLMV,9,0.20939
RTQDAEFLK,9,0.20939
ALIIIRSLL,9,0.20934
IIMAINVFT,9,0.20912
LPDGQVIWV,9,0.2091
MMLRDRWSL,9,0.20908
SYQDFIYLLF,10,0.209
NRRRRTAGV,9,0.20864
GLSIGTGRA,9,0.2086
YVILTILTI,9,0.20844
LLHLAVIGA,9,0.20842
FLLLYTIIV,9,0.20826
SLLYEYFTV,9,0.20818
DINIYDLFV,9,0.20814
QPRAPIRPI,9,0.20785
FINFFNLLA,9,0.20777
FPFTGIDRSI,10,0.20756
MLLALIAVL,9,0.20739
YVNGVVVATV,10,0.20696
MLLHVGIPL,9,0.20689
KMMVHIYFV,9,0.2066
KSLYNTIAVL,10,0.2066
RSLYNTIAVL,10,0.2066
TIIFVLISI,9,0.20642
LILFLLFVCI,10,0.20614
GLLAHIPAL,9,0.20605
TYLALIATF,9,0.20595
YLNAVVGTAL,10,0.20519
VVFDITKWLL,10,0.20518
RSLYNTIATL,10,0.20516
KSLYNTIATL,10,0.20516
LLSLLVIWI,9,0.20494
RYLRDHFYNL,10,0.20488
MPAYIRNTL,9,0.20452
GLITVLFLL,9,0.20434
HPSGYIREA,9,0.20426
KIADPICTFI,10,0.20423
DTPLIPLTIF,10,0.20412
MIDEGATLY,9,0.20406
MIDEGATLY,9,0.20406
TLLGLILFV,9,0.20402
KLRPNSFWFV,10,0.20378
YQLAGYILTV,10,0.20377
GLLLLGLWGT,10,0.20374
GTYAVNIHV,9,0.2035
MTFGDIPLV,9,0.20314
RLLDLFGPEV,10,0.20296
GILGFVYTL,9,0.20292
LWEWASVRF,9,0.20284
RLGVRATRK,9,0.20277
RLGVRATRK,9,0.20277
RLGVRATRR,9,0.20277
YLLPAIVHI,9,0.20236
SLYDLDIEA,9,0.20202
TLAPFNFLV,9,0.20177
MVNTVLITV,9,0.20172
TPGPGIRYPL,10,0.20156
FLLVIGACV,9,0.20096
ACDGERPTL,9,0.20084
NLLLWPLYVL,10,0.2007
KLLALGINAV,10,0.20065
GLIACLIFV,9,0.20035
VIDEILFKV,9,0.19991
APYIVVNPM,9,0.19984
KTVDLILEL,9,0.19934
LLYLILFLL,9,0.19912
LLIGCWYCR,9,0.19869
GLILFVLAL,9,0.1984
GMANTTFHV,9,0.19823
SLENVAFNV,9,0.19804
TPLISFFGL,9,0.19802
FLYSEIIRT,9,0.19767
LLDFVRFMGY,10,0.1974
LLDFVRFMGV,10,0.1974
SQVWGGQPV,9,0.19695
FLSIVVDHV,9,0.1969
RYINDILTL,9,0.19689
ILINHGFYI,9,0.19673
NCTERRLLV,9,0.19663
MLRTRVGTK,9,0.1964
SYFIASFRLF,10,0.19632
FLLFIFKVA,9,0.19612
TIWAANAGV,9,0.1961
APRGSIIFI,9,0.1958
GLLLGCFWV,9,0.19571
TFDVFRPLF,9,0.19562
KLLGLGINAV,10,0.19538
LMLLALIAVL,10,0.19496
FFFDIDLLL,9,0.19496
LLVDLLWLL,9,0.19494
QEEHKETWHY,10,0.19493
RMNVFNGHL,9,0.19485
YLILFLLFV,9,0.19464
SAFTITDQV,9,0.19424
LEFEALGFMN,10,0.19415
HVIDYLIRI,9,0.19404
TQKCEIFNV,9,0.19355
SLLYLILFLL,10,0.19336
SLYHVYEVNL,10,0.19326
AIVFDHYDV,9,0.19309
RWEESFTIL,9,0.19287
FVLATGDFV,9,0.19259
SMDTLLFFL,9,0.19222
APLILIKWL,9,0.19222
FLILCYFILI,10,0.19198
RTLLGLILFV,10,0.19176
RYIELVYTL,9,0.19157
TYLGIDLGF,9,0.19142
RYLIQVITY,9,0.19138
FIHGGILYA,9,0.19136
SPFIVISPM,9,0.1913
LMIAHRVLL,9,0.19115
LLDLFGPEV,9,0.19108
VPIILHLLDL,10,0.19098
IPIIIKDFL,9,0.19084
RLYDYFTRV,9,0.19072
IILEFFLMVL,10,0.19063
YMATTILEMV,10,0.19062
GLFGNLIAL,9,0.19054
MFMLIFNVK,9,0.1903
SYNPIYDEW,9,0.19008
TPARVTGGV,9,0.18992
FVTETPLEG,9,0.18985
FVTETPLEV,9,0.18985
MRPHERNGF,9,0.18951
FLLDILGAT,9,0.18934
LPVIFLSIF,9,0.18902
SLMAFTAAV,9,0.18879
FANHDFTLV,9,0.18853
GTDLEGNFY,9,0.18838
VAANIVLTV,9,0.18797
KLPDDFTGCV,10,0.18796
TLTISFFLI,9,0.18794
YIDIGNYTV,9,0.18759
YLVLGIALL,9,0.18706
VLFLLVIGA,9,0.18702
MARELHPEY,9,0.18634
AIVREAIKR,9,0.18613
KTWADEYLCV,10,0.18603
ALLGNVFVL,9,0.18598
DIDEILEKV,9,0.18561
FIVVATAAV,9,0.18546
GQVPTTEVV,9,0.1852
HMWNFISGI,9,0.18485
RLITVNPIV,9,0.18477
YPRDNPELII,10,0.18467
KALETDVPA,9,0.18419
FLIDLAFLI,9,0.18387
FTWPPWQAG,9,0.18355
SIVCIVAAV,9,0.18349
SYFIASFRL,9,0.18333
AMPFSIFYPM,10,0.1833
RAHYNIVTF,9,0.18328
TIIALLFAL,9,0.18299
RLWRATPLG,9,0.18278
KPRLCTREEF,10,0.18266
NPRLCTREEF,10,0.18266
RPRLCTREEF,10,0.18266
SPRLCTREEF,10,0.18266
LMIYGLPWM,9,0.1821
APIMDEEREI,10,0.18203
NLFDIPLLTV,10,0.182
NLNDNAIHL,9,0.18197
KINIFMAFL,9,0.18194
QLAGYILTV,9,0.1818
LIVGILLVL,9,0.18142
SFTICGYEI,9,0.1813
KLLEQWNLV,9,0.18092
SLYEANPEL,9,0.1807
EYHDVRVVL,9,0.1807
TIPEALAAV,9,0.18069
SYINEKIIHF,10,0.18069
SYKRFVTDY,9,0.18066
IPKYLEIEI,9,0.18055
YTQDELINV,9,0.18032
GILGLVFTL,9,0.18004
SQIGAGVYK,9,0.17998
VAGALVAFK,9,0.17985
VAGALVAFK,9,0.17985
TLLYVLFEV,9,0.17974
SLYNTVAIF,9,0.17973
NSTCNFFVCK,10,0.17959
MLTTLILTL,9,0.17946
SLFYRAVAL,9,0.17921
NLLLWPLYV,9,0.17898
LSVIWMMWY,9,0.17894
LYLQQNWWTL,10,0.17887
GTITVEELKK,10,0.17885
SLFGQRIEV,9,0.17884
EPANITCTAV,10,0.17846
EVDPIGHLY,9,0.17836
VQGIESAEI,9,0.17821
LLSEFCRVL,9,0.1781
GLVILLVLAL,10,0.17808
SQIIDISLR,9,0.1779
PTDNYITTY,9,0.17781
PEWTEAQRL,9,0.17777
AIVTCGAETL,10,0.17697
NTLTISFFL,9,0.17653
GVYDGEEHSV,10,0.17651
TPRVTGGGA,9,0.17644
LVLGIALLYI,10,0.17624
YVLDHLIVV,9,0.17622
FLLVTLAIL,9,0.17608
IIDDRNREL,9,0.17601
SLIYRRRLM,9,0.1758
RSFVYVWKT,9,0.17574
FLPADFFPSV,10,0.17555
ALIDVFHQY,9,0.17554
TLFLLFLEI,9,0.17538
YLAPQWEPV,9,0.17527
VRFPNITNL,9,0.1748
SLFNTVAVLY,10,0.17468
SYDDLITYF,9,0.1746
GLDNHTILL,9,0.17457
GLDPLIRGL,9,0.174
SLGLVILLVL,10,0.17396
LYIIKLIFLW,10,0.17392
RYITNRLEL,9,0.17382
APYIALLTI,9,0.1737
LFSTAEAAV,9,0.17359
PWQAGILAR,9,0.17355
KGDTTTGVY,9,0.17332
SPGKFWNTTI,10,0.17305
YLGPRVCWL,9,0.17302
FLGGHVAVA,9,0.1726
SLFNTVATLY,10,0.1726
GPRAILGCA,9,0.17243
RSFTFKEGFK,10,0.17231
KVDDTFYYV,9,0.17224
VYFFLPDHL,9,0.17218
KLRRGDLPFV,10,0.17208
VIFVCVILI,9,0.17174
ILPVIFLSI,9,0.17172
KISNTTFEV,9,0.17143
GQVPLIVGI,9,0.17136
FWDANDIYR,9,0.17131
YQLAGYILT,9,0.17113
TLYAVATTI,9,0.17064
RPLYITLHLA,10,0.17046
RYCIHDACL,9,0.17032
QYDPVAALFF,10,0.17021
NISTILYFT,9,0.1698
IIHLFTLTNL,10,0.16968
TLLVDLLWL,9,0.16916
GLLGCIITSL,10,0.16898
VMGTTLAEM,9,0.16894
PRVTGGGAM,9,0.16882
SIFGFQAEV,9,0.16858
SYIVNNEFSI,10,0.16853
RPLYITLHL,9,0.16836
SWPDGAELPF,10,0.16823
VPNYNLIIM,9,0.16752
KPKPAVRFAI,10,0.16752
ALGGGATGV,9,0.16749
LLWTLVVLL,9,0.16738
KMYAFTLESV,10,0.16737
RYLLDRFDI,9,0.16732
SPPPFNARPL,10,0.16697
ALYIPPYEL,9,0.16686
FTNLITLAV,9,0.16638
LENGVTHRF,9,0.16628
SLLYLILFL,9,0.1662
SGYLAEADL,9,0.16597
SLFNTVVTL,9,0.16567
SLFNAVAVL,9,0.16559
SLFNTVAVL,9,0.16529
GIIYIIYKL,9,0.16524
ISDYFHNTY,9,0.16515
AIHLYFLFV,9,0.16498
LLLEHGQFDL,10,0.16437
LATWVGSNL,9,0.16419
SLFNAVATL,9,0.16415
GITLFLLFL,9,0.16404
TFPNVHEHI,9,0.16394
NPITLTAAL,9,0.16388
SLFNTVATV,9,0.16385
SLFNTVATL,9,0.16385
YIIDWMVDI,9,0.16372
YLAIPDLYGI,10,0.16366
RPAEPVPFQL,10,0.16353
RPTEPVPFQL,10,0.16343
YLANGGFLI,9,0.16341
GVSGVINAL,9,0.16328
FAVQTIVFI,9,0.16316
FLGGGGAGI,9,0.16282
ATFAAPVAL,9,0.16273
SLDVINYLI,9,0.16265
LEVQAIRET,9,0.1624
ALWGPDPAAA,10,0.16224
RIFVRVYNV,9,0.1619
AVCTRGVAK,9,0.16156
TLIVNLVEV,9,0.16134
AVADHVAAV,9,0.16126
VLGIALLYI,9,0.16106
CYCIDCFTQW,10,0.1608
RKYTSFPWLL,10,0.16078
TLLYATVEV,9,0.16066
FANHNFTLV,9,0.16063
FTYPVLEEM,9,0.1604
SLNLRETNL,9,0.16037
YLCTFMIIT,9,0.16034
IRQEEVQEL,9,0.16025
TLFLILCYFI,10,0.16017
ELIEANLLW,9,0.16012
NYMPYFFTL,9,0.15992
SYKTLREFF,9,0.15988
HLIMIYFFI,9,0.15982
VIFDFLHCI,9,0.15968
YLTAIQDFI,9,0.15965
WLGNIIQYA,9,0.15945
LLLIHFLLSL,10,0.15936
YMGFRLYLA,9,0.15916
YMLAHVTGL,9,0.15869
TLACFVLAAV,10,0.15809
YLVIYLNRT,9,0.15806
SYYDFRYRQF,10,0.15804
RYIEQDIPL,9,0.15787
AMLHWSLIL,9,0.15732
LTIMGVIFLI,10,0.1573
TIADFWQMV,9,0.15717
IPRRNVATL,9,0.15714
SQSDTVFDY,9,0.15704
SMVGNWAKV,9,0.15673
SPKRLATAIA,10,0.1567
HPNNTIFSV,9,0.15661
KLSYGIATV,9,0.15656
FLLENAAYLD,10,0.15618
SMAGNWAKV,9,0.15603
KLFTDNNFL,9,0.15551
SLPGVFCGV,9,0.1552
FILHRLHEI,9,0.15471
LILCYFILI,9,0.15459
TPTWNRKEL,9,0.15441
YLQTDVFLV,9,0.15424
LLLMRTTWAF,10,0.15424
YPQTDVFLV,9,0.15424
HLPVADAVI,9,0.15406
FIFHFVHSA,9,0.15405
ALVVTHTYL,9,0.15379
FPRTICTLPY,10,0.15366
TLQPVERVL,9,0.15349
SPTRTWKVL,9,0.15311
VFADATPTGW,10,0.15304
FLILCYFIL,9,0.15262
FVNYDFALV,9,0.15252
TVYHGAGTK,9,0.15246
TLRGLFFSV,9,0.15244
ALVFISHGA,9,0.15217
IVGILLVLM,9,0.15204
MMLVPLITV,9,0.1517
SLTECPTFL,9,0.15157
LCCYVLEET,9,0.15154
GTGPEAGLPY,10,0.1515
ALAEGDLLA,9,0.15149
ALRNLRVFL,9,0.15145
SLNPWPPCL,9,0.15114
NLLIRCLRC,9,0.15085
TLYDFDYYI,9,0.15072
IQPFLALGF,9,0.15067
FLAHIQWMV,9,0.15015
GLVRLNAFL,9,0.15001
VLATGVTLV,9,0.1499
IVAPYIALL,9,0.14976
TLNDLETDV,9,0.14939
VLQAAIPLT,9,0.14931
FLLRSIIVA,9,0.1491
PLQEVYPEA,9,0.14901
MIYGLIACL,9,0.1489
LMWDNVGLV,9,0.1489
LESFCEDVP,9,0.14869
IFLLHHAFV,9,0.14861
ALQAIELQL,9,0.14858
VVAASIIGI,9,0.14837
RFLNDFALL,9,0.14823
TLLFFLALSI,10,0.14821
SPSRDRFVQL,10,0.14774
FLAVGGVLL,9,0.1475
NLVPRVATV,9,0.1472
MMFGFHHSV,9,0.14719
LLDEPTNHL,9,0.14713
HPREENSIV,9,0.1471
GLPRYVARL,9,0.147
YLLDRGADI,9,0.147
GTLGIVCPI,9,0.14698
ILDEERDKV,9,0.14689
YLNKEIEEA,9,0.14668
SPSLTFTRF,9,0.14614
RLPRIFCSC,9,0.14612
FLTLLGIGCV,10,0.14602
LLNLLLWPL,9,0.14596
RLNDFLGLL,9,0.1459
YLPEVISTI,9,0.14569
LPYTINLLL,9,0.14553
SYNDYFNVL,9,0.14548
IMGGELPTA,9,0.14548
KLSGLGINAV,10,0.14528
QLSGLGINAV,10,0.14528
KLSGLGINAI,10,0.14528
LLAVLTAAPL,10,0.14461
AIFCITYYI,9,0.14461
GPRLGVRAT,9,0.14404
PLLDGTATL,9,0.14396
KLGPGEEQV,9,0.14391
SLVNGVVRL,9,0.14383
ALDGVNLII,9,0.14381
RMPVYILLT,9,0.14378
RYNTVNNIW,9,0.14337
RYIDPRRNI,9,0.14334
RFYPINDDF,9,0.14283
RQEEVQELY,9,0.14243
RQEEVQELY,9,0.14243
NLAEDIMRL,9,0.14237
SVRDRLARL,9,0.14234
SMLSIFNIV,9,0.14203
KYTSFPWLLG,10,0.142
TLACFAVYT,9,0.14196
YLFRIVSTV,9,0.1416
RPTPRGTVM,9,0.14062
SLSHYFTLVF,10,0.14055
FLARLHAAA,9,0.14031
FIYFIKGFL,9,0.1402
FVLAAVYRI,9,0.13985
DAKLVITTY,9,0.13976
ILLAELEQL,9,0.13965
HPRHYATVM,9,0.13946
SYIDRNANI,9,0.13907
REQAAIPQIY,10,0.13903
AMFTAALNI,9,0.13885
YLLPRRGPRL,10,0.13882
YLLPRRGPRL,10,0.13882
YSEHPTFTSQ,10,0.13835
HLLNLLLWPL,10,0.13831
MLWYTVYNI,9,0.13794
LAILYILLL,9,0.13788
FLSHNFTLVF,10,0.13785
FRCPRRFCF,9,0.13776
WSWLLGAAM,9,0.13772
FLMVLLIPEP,10,0.13736
VLVHPQWVL,9,0.13717
NLVPVVATV,9,0.137
FLSHDFTLV,9,0.13693
VLMFLLFYV,9,0.1362
MVGAVLTAL,9,0.13575
ALLGRLYFI,9,0.13574
FPSLREAAL,9,0.13567
YVSAIAQTEK,10,0.13559
YMFFVIKNL,9,0.1355
SLYNTVAVLY,10,0.13548
ALIRWLQQL,9,0.1351
NRFLYIIKL,9,0.13484
MMMKWIISIL,10,0.13472
NLVPTVATV,9,0.1346
LNIDLLWSV,9,0.13456
GLLNSIWPL,9,0.13453
SLVYVNGVVV,10,0.13444
FVSCDFTIV,9,0.13437
VPNVYFNPV,9,0.1341
VPILENLGL,9,0.13389
FLGAGALAV,9,0.1337
FAFRDLCIV,9,0.1335
SLYNTVATLY,10,0.1334
MLWMAEIPL,9,0.13339
AIHNVVHAI,9,0.13321
LLLVITCCVL,10,0.13321
KLIANNTRV,9,0.13318
ALSELPETL,9,0.13299
TLAVGDNRV,9,0.1329
YLLEMLWRL,9,0.13289
VLVGGVLAA,9,0.13286
HLVEALYLV,9,0.13221
FLGYLILGV,9,0.1322
FVEALFQEY,9,0.13201
ATLNICNFW,9,0.13168
SVGGVFTSV,9,0.1316
YLYALVYFL,9,0.13151
YGDDVIASY,9,0.13136
WMTYTGGVM,9,0.1313
KLVALGVNAV,10,0.13123
MYYFLHYYI,9,0.13097
GTAAIQAHYK,10,0.13084
YLQPRTFLL,9,0.1305
YLAGAGLAF,9,0.1303
LLLGTLNIV,9,0.13016
KYTSFPWLL,9,0.13015
GPLVAGGLL,9,0.13006
LLMAWGQYI,9,0.13005
NLVPGVATV,9,0.1298
GIRTYFVQF,9,0.12962
ALWGPDPAA,9,0.12958
ILFLLFVCI,9,0.12958
VLNGTVHPV,9,0.12948
PFMRPHERN,9,0.12947
FIEDLLFNK,9,0.1286
SPYILNFGKV,10,0.12842
NLVPHVATV,9,0.1283
RYRQFADEF,9,0.12829
YIFTGPVPI,9,0.12798
ILAGYGAGV,9,0.12792
VVFLHVTYV,9,0.1278
ILLVLFYPL,9,0.12774
SYQSFLFWF,9,0.12771
IIALLFALV,9,0.12748
MLINRFTMR,9,0.12745
ITINYFLLL,9,0.12745
LLLVITCCV,9,0.12708
GLGTLGAAL,9,0.12704
ALYAANNTRV,10,0.12688
LLLPYTINL,9,0.12672
SLYNTVVTL,9,0.12647
QYIFTGQPL,9,0.12646
VYAWNRKRI,9,0.12625
LLLVAHYAI,9,0.12623
SLYNTVAVL,9,0.12609
TYGWNLVKL,9,0.12599
LLFGHPVYV,9,0.12584
SLLMWITQC,9,0.12576
SLLMWITQV,9,0.12576
LPTVHPHAI,9,0.12536
RHVVCAHEL,9,0.12507
RPASAWTLYA,10,0.12505
FLPPDFFPSV,10,0.12502
TLTSYWRRV,9,0.12496
LVYVNGVVV,9,0.1249
VTIDLDPVVY,10,0.12484
ALLALLIYA,9,0.12469
SLYNTVATL,9,0.12465
SVYNTVATL,9,0.12465
APFESEGVL,9,0.12462
FANYNFTLV,9,0.12436
IANYNFTLV,9,0.12436
FVNYNFTLV,9,0.12436
VLTGYGLEI,9,0.12414
TLLANVTAV,9,0.12395
CMYYFLHYYI,10,0.12345
AMDTISVFL,9,0.12337
VLLFCIASL,9,0.12334
WFDISYTIYK,10,0.12312
WFDISYTIYK,10,0.12312
DLILELLDL,9,0.1227
YSDPNNHEVY,10,0.12251
SLHTGFLASL,10,0.12248
VALRHVVCA,9,0.12218
RVYEALYYV,9,0.12193
YSNIMNFFK,9,0.12193
SPRVVYALL,9,0.1216
RIWSWLLGA,9,0.12113
SVQVPTTEV,9,0.12094
YICEEASVTV,10,0.12064
SPSDEVISL,9,0.12064
LVQAFHSFRA,10,0.12058
KVLIRCYLC,9,0.12037
SYNELIKILL,10,0.12029
VIMEYHLLFA,10,0.12025
RSLYNTVAVL,10,0.12018
KSLYNTVAVL,10,0.12018
MANEMGFLEK,10,0.11999
RYGVAYVYL,9,0.11984
TVADVRHCL,9,0.11974
YTMDGEYRL,9,0.11969
ALWEIQQVV,9,0.11957
FQSHQLWATL,10,0.11946
ITYTDVLRY,9,0.1192
RIAGHHLGR,9,0.11919
RPASAWTLY,9,0.11912
IIFAVQTIV,9,0.11905
YMDDVVLGA,9,0.11902
YMDDVVLGA,9,0.11902
VIFDANAPV,9,0.11887
RSLYNTVATL,10,0.11874
KSLYNTVATL,10,0.11874
LILSCIFAFI,10,0.11865
AVIGALLAV,9,0.11846
LLYDANYFL,9,0.11841
WLSYFIASF,9,0.11822
HMIKFRGHFL,10,0.1182
YLFRCVDAV,9,0.11802
IMNFFKTEI,9,0.11796
GTDGFPFKL,9,0.11766
VLAELVRQI,9,0.11751
IPHRLSTIIL,10,0.1173
RFLYIIKLIF,10,0.11728
RLIGHISTL,9,0.11714
MLMEVFPQL,9,0.11711
NPLTLTAAV,9,0.11708
SYNRHNDTI,9,0.11679
MLLALVALVI,10,0.11676
YMFYKIFFV,9,0.11676
NFRRYDTYL,9,0.11676
IQATVMIIV,9,0.11674
KLEKIEDEL,9,0.11657
RPTEPVPLPL,10,0.11647
TFFVEVYSW,9,0.11612
APFLNLILI,9,0.11594
SQVDARLFSV,10,0.11592
NFNGHTYHL,9,0.11582
YVLEETSVM,9,0.11569
RVIDPRRCL,9,0.11562
RVIDPRRCM,9,0.11562
NMISDTIFV,9,0.11559
DMCDIYLLY,9,0.1151
DMCDIYLLY,9,0.1151
SFLDTVYTI,9,0.11494
LLLLVITCCV,10,0.11458
LIMFEQYFI,9,0.11454
KTMAVTYEL,9,0.11449
TLDEMRHFYK,10,0.11444
FLHNYILYA,9,0.11415
ALFHEVAKL,9,0.11393
KIDYYIPYV,9,0.11364
MLYFAGGLSV,10,0.11358
SLPDVVISA,9,0.11344
VLLLVTHYAI,10,0.11343
VIDLDPIPY,9,0.11304
IIYEILYML,9,0.11299
GESSIFVEY,9,0.11297
TLAEDLNLL,9,0.11267
TSAEDLNLL,9,0.11267
FTYTGGYDV,9,0.1126
TLFPGDDDL,9,0.1124
CPRRYLHRL,9,0.11238
TPCHRGDNQ,9,0.11229
DLMGYIPAV,9,0.11228
FLGLFILSHL,10,0.11228
TPGPGVRYPL,10,0.11216
CINGVCWSV,9,0.11173
ILSAHVATA,9,0.11173
SLSHYFTLV,9,0.11173
CINGVCWSI,9,0.11173
SFTFKEGFK,9,0.11165
WPKFAVPNL,9,0.11162
FLWEDQTLL,9,0.11149
TYSAGIVQI,9,0.11111
SQFGQEHRL,9,0.11109
KPFMYFEEI,9,0.1109
SLVFVILMCI,10,0.11086
LLMGTLGIV,9,0.11082
TVMDIISRR,9,0.11082
TVYYGVPAGR,10,0.11066
VLSGTTAAQ,9,0.11062
FLRYLLFGI,9,0.11044
MTPAEVSIV,9,0.11027
VLILLLLIYL,10,0.11016
SYLFIRKNVI,10,0.10986
LLQTFQVFI,9,0.10966
SPYTINCLL,9,0.10939
MFTTNIWMKF,10,0.10927
QPLTFALQL,9,0.10925
VTLDIVQGI,9,0.10922
RLDDDGNFQL,10,0.10915
VVTGVLVYL,9,0.10914
FLSHNFTLV,9,0.10903
GLNAVAYYR,9,0.10902
KTWGQYWQV,9,0.10898
YDQENPYRTW,10,0.10893
IMEYHLLFA,9,0.10888
FQYSDRRWCF,10,0.10849
RLNELLAYV,9,0.10827
VLTDFKTWL,9,0.1081
QLWQFLLEL,9,0.10804
PPKVHFYYL,9,0.10796
SPSNHHILL,9,0.10758
FLLLADARV,9,0.10748
ALQVTNHRYL,10,0.10741
RYGSIPEEL,9,0.10669
YVVKFVFEA,9,0.10656
VGAVLTALL,9,0.10652
RPNQHHTIDL,10,0.10616
KLQVELDNV,9,0.10594
RLENLIAQL,9,0.10581
MVMFTPLVPF,10,0.10572
FIVLILLLL,9,0.10556
RQYDPVAAL,9,0.10506
NPNLFTAMIL,10,0.10493
AINVEKIEL,9,0.10476
GLEALVPLAV,10,0.10433
ATSLDVINY,9,0.10414
KLQAAPYIV,9,0.10407
TLTAAVLLLV,10,0.10399
LIWTGMIDL,9,0.10394
RHLPVADAV,9,0.10385
ILMALFGIKL,10,0.10379
VLQELNVTV,9,0.10378
LMLLFAAMII,10,0.10373
SYTDDNNEL,9,0.10347
LLYIKIYEL,9,0.10338
TYPVLEEMF,9,0.10329
LLSHFYPAV,9,0.10287
LMLGEFLKL,9,0.10284
LTLGEFLKL,9,0.10284
WLTYTGAIKL,10,0.10283
TPSPFYTVM,9,0.10254
LLYNEQFAV,9,0.10241
YYLDRGYLDF,10,0.10224
IVQENNGAV,9,0.10222
LPNDHHYAL,9,0.10191
GMYLLLIAV,9,0.10158
FLTATLGPA,9,0.10145
YLEPGPVTA,9,0.10142
YLEPGPVTV,9,0.10142
FIIDNFGSV,9,0.10136
SQDLSFIYRK,10,0.10134
MQVIGDQYV,9,0.10128
LLVISGLFPV,10,0.1011
APTRVVASEM,10,0.10079
YILGADPLRV,10,0.10064
TLFIGSHVV,9,0.10061
ELLRPTTLV,9,0.1005
VFKNIDGYF,9,0.10041
YPRDNPELI,9,0.1004
FQSLTIFST,9,0.10036
FLDRALLTL,9,0.10026
SMYLPGAEV,9,0.10026
SALILRGSV,9,0.10018
FLFYPLDFT,9,0.10016
LLLLIYLYL,9,0.09984
FLIHSADWL,9,0.09962
QYDPVAALF,9,0.09961
QYDPVAALF,9,0.09961
FIMFMLIFNV,10,0.0993
FAYICPANV,9,0.09902
IINNINLYYV,10,0.09897
SLKRTGHGV,9,0.09888
DVAFTSHEH,9,0.09837
YLFGGFSTL,9,0.09836
HLVDFQVTI,9,0.0982
LVIGACVYC,9,0.09733
GLSRYVARL,9,0.0969
SLVYVNGVV,9,0.09651
YLVSIFLHL,9,0.09627
KIEDLINQL,9,0.09616
KLNDLCFTNV,10,0.0961
LIVRYLIQV,9,0.09608
NLSDGFLLI,9,0.09598
MLKRVRNRV,9,0.09578
QLDHGVLLV,9,0.09577
SPSPTVEESR,10,0.09523
FVFRSPFIV,9,0.0951
KLFNVTLNA,9,0.09509
TVCGGIMFL,9,0.09508
SLQQEITLL,9,0.0949
FIRQEEVQEL,10,0.09484
FIVLILLLLI,10,0.09476
ASKIITLKK,9,0.0947
KPQGQRLIEV,10,0.09448
TLRNTNPNFV,10,0.09429
RYTRRISLF,9,0.09426
ALWDSNFFT,9,0.09423
KKADETQAL,9,0.09416
HIMLDVAFT,9,0.09372
FLGRYIVKL,9,0.0936
ILMIFISSFL,10,0.09357
LTDHGTLPL,9,0.09345
VLDTTLYAV,9,0.09336
NLIYRNLHL,9,0.09333
RLPILLLLI,9,0.09324
NLVPYVATV,9,0.0932
VLHDDLLEA,9,0.09312
YLATALLTL,9,0.09274
NAAEPEQPW,9,0.09266
RYMGEDGCW,9,0.09258
VLMGGVPGVE,10,0.09258
YIVDPTFQL,9,0.09258
ELAEYLYNI,9,0.09251
IVYRDGNPY,9,0.09244
SPRLDTTYPL,10,0.09198
FTDNVRFSV,9,0.09175
SFFSINDIF,9,0.09152
LLCPAGHAV,9,0.0915
DLYCGILYA,9,0.09131
HPVVHHAASA,10,0.09113
PLFGYPVYV,9,0.09074
LLFGYPVYV,9,0.09074
KLLRRPFSL,9,0.09058
NLVPNVATV,9,0.0905
YICGFIQQK,9,0.09044
MLLALVALV,9,0.09037
SFRRFVNKL,9,0.09028
VNSVLLFLAF,10,0.08994
GTHVLLPFY,9,0.08984
KFFAYLTLA,9,0.08961
GLHCDFACL,9,0.08957
AMPPELNTA,9,0.08952
SQLAHLVYV,9,0.08951
KLYTIVSTL,9,0.08938
SRGDTPVLP,9,0.08904
ILLLLIYLYL,10,0.08904
RLYDLTRYA,9,0.08838
ATAAVCLLFI,10,0.08837
QIFLEVQAI,9,0.0883
RFLNNNAIL,9,0.08828
TVILGVLLL,9,0.08806
SPAIFQASM,9,0.08794
IFTITKILL,9,0.08716
VAVNGPVAV,9,0.08715
YLMLLFAAM,9,0.08712
FPRYHSIELI,10,0.08678
SVSSFLFVEA,10,0.08657
KLVALGNNAV,10,0.08628
FLPSDFFPGV,10,0.08617
FLAGHPLTNL,10,0.08604
NLVPPVATV,9,0.086
QPETTDLYCY,10,0.0859
RVFTEAMTR,9,0.08587
YVNAILYQI,9,0.08563
RLTGYPAGI,9,0.08548
KLSEGDLLA,9,0.08509
VMKLFTISV,9,0.08504
LISRALVVT,9,0.085
LPRDMVFRTS,10,0.08488
MVLQAGITR,9,0.08484
VLLDYGLHGL,10,0.08478
YATVEVPSL,9,0.08448
FVFDRPLPV,9,0.08444
YVFTLLVPL,9,0.08418
EEDTDEDSD,9,0.08417
TFINDYANL,9,0.08405
GSDALPAGLY,10,0.08392
FMYRGLLGL,9,0.08388
TLMLLALIAV,10,0.08388
TLLASICWV,9,0.08387
RYRNRVLLL,9,0.08371
ILDSVGIEA,9,0.08365
VLTALLAGL,9,0.08355
ELMRRGDLPV,10,0.08352
DLMRRGDLPV,10,0.08352
MLMETMFFI,9,0.08345
FIKGFLYHT,9,0.08344
ILHCANFNV,9,0.08328
LLAPGPLFV,9,0.08314
QYVGPLTVN,9,0.08314
LTDALALGM,9,0.08304
DLMGYIPLV,9,0.08294
TMADLVYAL,9,0.08282
MMMKWIISI,9,0.08264
ILGADPLRV,9,0.08241
MTEQTDEAV,9,0.08198
KLVALGLNAV,10,0.08193
SPVRVPNYNL,10,0.08189
KFPPALPIW,9,0.0813
KVPRNQDWL,9,0.08128
DVSRPTAVV,9,0.08126
VLQWASLAV,9,0.08116
RLLQTGIHV,9,0.08076
MLLNRFTMA,9,0.08065
PFMPLLPIFF,10,0.08052
QTDTYTLLGY,10,0.08046
SVHSLHIWSL,10,0.08029
YMCVDNHLGA,10,0.08023
ALRFTSARR,9,0.07993
SPLTGNNTI,9,0.07959
NFKEYTISI,9,0.07935
CPTQGEATL,9,0.07899
SLSNLDFRL,9,0.07891
RYCNLEGPPI,10,0.07875
NYNYRYRLF,9,0.0783
TLAAGLLDL,9,0.07823
FLNWQNLLNV,10,0.07811
SPGSGFWSF,9,0.07801
YPEFARKAL,9,0.07798
RLHLWLSDM,9,0.07794
HLMFYTLPI,9,0.0779
GVQGGFVSA,9,0.07788
MPRHHSIVYA,10,0.07771
GPSLRTTTV,9,0.07752
MISVLGPIS,9,0.07734
FYGKTILWF,9,0.07714
IEDDVNLAY,9,0.07713
IEDDVNLAY,9,0.07713
IIVALTIMGV,10,0.07665
WKEPDVYYT,9,0.07652
FLPVYFGSV,9,0.07648
ILARNLVPM,9,0.0764
YCLLWSFQT,9,0.07633
RLRGEARKTF,10,0.0759
LLFFLALSI,9,0.07581
VMLLVHYAI,9,0.07563
VFLLVTLAI,9,0.07548
LVLILYLCV,9,0.07518
VPDYIMEAL,9,0.07514
ISEYRHYCY,9,0.07501
VLMAVVLAS,9,0.07493
LLWPLYVLL,9,0.07482
YLTAPTGCI,9,0.07481
SLLFKTEDGV,10,0.07477
LILLLLIYL,9,0.07416
WADEYLCVNA,10,0.07386
MLNIPSINV,9,0.07383
FANCNFTLV,9,0.07383
MLNIPSINV,9,0.07383
FTLNHVLAL,9,0.07375
QWKEPDVYY,9,0.07351
HRHLPVADA,9,0.07338
EYVLLLFLL,9,0.07332
LLIHFLLSL,9,0.07329
TPEGIIPSMF,10,0.07314
LSIFDTSLF,9,0.07304
LLLLDVAPL,9,0.07224
KLCTFSFLI,9,0.07215
GMTPAEVSI,9,0.07197
VLEDVQAAGI,10,0.07187
RLFDLPVYC,9,0.07176
RFIFVSTLF,9,0.07175
ADVEFCLSL,9,0.07138
TLEGFASPL,9,0.07133
YESDDLTEY,9,0.07104
MLLILCVTQV,10,0.07096
IMDTDQRFV,9,0.0709
IMFMLIFNV,9,0.0708
FLISVIVLV,9,0.07057
GMSRIGMEV,9,0.07018
TLLCLIPTV,9,0.06995
TLFDDELYSI,10,0.0692
ICSAVPVHW,9,0.06917
GLLDRLYDL,9,0.06852
SPDDQIGYY,9,0.06844
ALFNQLVFTA,10,0.06823
NEVLVVPNI,9,0.06816
AMALIGDSTV,10,0.06808
KLYLVDYGLV,10,0.06808
PLVVAASII,9,0.06801
FVSSVREVFY,10,0.06792
YLLDDVLYT,9,0.06766
AEIAQRLED,9,0.06763
RLWHYPCTI,9,0.06759
RLWHYPCTV,9,0.06759
LLPPLLEHL,9,0.0674
LLLETKTILV,10,0.06733
MALIGDSTV,9,0.06726
LWPVTLACF,9,0.06682
ALLGLTLGV,9,0.06668
KCIDFYSRI,9,0.06666
LMLLFAAMI,9,0.06649
YLAEADLSY,9,0.06641
RLVTVLPPT,9,0.06638
AEIVDTVSAL,10,0.06624
MYTYFSNTIL,10,0.06621
LMIFISSFLL,10,0.06609
LTAAVLLLI,9,0.06599
YLIHDNIMYT,10,0.06597
VLCLRPVGA,9,0.06594
VLESDIGVK,9,0.06563
MMAKEEELV,9,0.06547
KLYLVDYGL,9,0.0654
KLYNNGFTSV,10,0.06529
ALSLAAVLVV,10,0.06496
SPPLISILM,9,0.06495
IMPGQEAGL,9,0.06477
SPYNFFKRI,9,0.06473
ALDGLDLTV,9,0.0647
GLMWLSYFI,9,0.06464
GLMWLSYFV,9,0.06464
LLYFKVFGI,9,0.06406
RMLPHAPGV,9,0.06401
ALDAQAVEL,9,0.06394
STPCHRGDN,9,0.06393
SYKDINESM,9,0.06367
FANAPGVAQV,10,0.06367
VLGDEVLSL,9,0.06366
LMIFISSFL,9,0.06365
EYLLGRFSVL,10,0.06334
GNIPALLDV,9,0.0633
FMVFLQTHI,9,0.06302
MTDDIGMGV,9,0.06262
TIWFLLLSV,9,0.06244
IIWFLLLSV,9,0.06244
GLCQVFADA,9,0.06232
SIGTGRAML,9,0.0622
FTGSEVENV,9,0.06161
MPRHHSIVY,9,0.06156
KYWNNHRQGI,10,0.06135
FMYIESIKV,9,0.06081
FLSNGHVTI,9,0.06076
GLCPHCINV,9,0.06063
VVLQAAIPL,9,0.06061
ITLLCLIPTV,10,0.06054
GPRYVLNAI,9,0.06024
TPRGTVMDII,10,0.06008
FMYSDFHFI,9,0.05983
WAFSAIGNV,9,0.05973
FPRYHSIEL,9,0.05967
SLQDVPLAAL,10,0.05956
FLLVLESIL,9,0.05953
SLTITQLLK,9,0.05944
SPKERLPYI,9,0.05919
IPDKFFIQL,9,0.05904
YLLFGIKCI,9,0.05898
LYVGQFLAY,9,0.0584
SPVNIFKLA,9,0.05821
RPPTTYNLL,9,0.05784
TLANFLCLL,9,0.05777
SIYVYALPL,9,0.05773
LLPGCGVDF,9,0.0577
YPLEYFSLV,9,0.05765
KQLTILSLFL,10,0.05757
KLVAMGINAV,10,0.05745
MACLVPAAT,9,0.05698
NMKEEMARHL,10,0.05666
ELDDYDYDY,9,0.05664
AAYPITGKL,9,0.05638
PLGPQFPFT,9,0.05628
QMWQARLTV,9,0.05548
WLSDCGEAL,9,0.05538
RPAEPVPLQL,10,0.05537
HNPTGRSIC,9,0.05532
SPKLHFYYL,9,0.05526
GLPVEYLQV,9,0.05492
NGFTVLCPK,9,0.05484
VMASLVWPV,9,0.05475
EPYLDPATM,9,0.0545
ILSLFLISL,9,0.05436
GMQLAEQFK,9,0.05423
LLLYFKVFGI,10,0.05414
VYINHPFMY,9,0.05395
VYIGDPAQL,9,0.0538
RPINGISYDM,10,0.0534
LLHETDSAV,9,0.05317
NIMNFFKTEI,10,0.05275
NLNESLIDL,9,0.05239
QLATLDYLV,9,0.05224
FMKAVCVEV,9,0.05216
ETVELRQYD,9,0.05215
RYVEYRDKL,9,0.05199
LLYGYPVYV,9,0.05154
ANFSFRNTL,9,0.05147
CLVPAATASL,10,0.05134
ILVLASTITI,10,0.05078
SPRHLYISL,9,0.05073
SPYVKFIYF,9,0.0507
RVFGLLLLGL,10,0.0505
ILSDENYLL,9,0.05043
ALGIVSPRV,9,0.05027
TSCPPICPGY,10,0.04983
PPHGRSTIL,9,0.04979
YLDLTLTPI,9,0.04968
YTSRGALYLY,10,0.04944
LIFLLVLLDY,10,0.0494
TEVISTAPV,9,0.0493
ALIRILQQL,9,0.049
RYRIGNYKL,9,0.04851
KLPDLCTEL,9,0.04843
FLYALALLL,9,0.04836
HWFVTQRNF,9,0.0482
DESRDRKWLY,10,0.04784
RPPTTYNLLL,10,0.04773
DFFPSIRDL,9,0.04766
GPIGTKIAL,9,0.04728
KMLNIPSIN,9,0.04719
GLLNCNINNV,10,0.04713
FQANTPPAV,9,0.04705
DPRIASILSL,10,0.04698
AMLGTHTMEV,10,0.04664
AIIGLCAYA,9,0.04661
YIYGIPLSL,9,0.04604
GLLTVCYVL,9,0.04591
RMFPNAPYL,9,0.04585
FLVGQLFTF,9,0.04574
QSITRSLIY,9,0.04533
EKDKFFAYL,9,0.04526
TMYGGISLL,9,0.04508
QLMYALEPR,9,0.04496
FTISVTTEI,9,0.04473
FLYGALLLA,9,0.04472
PLAYFFKPR,9,0.0447
KTINYSFFL,9,0.04456
GTLISRALV,9,0.04448
VILGVLLLI,9,0.04442
WMTYTGGVMT,10,0.04382
LPSNVEIKAI,10,0.04363
RFTCVLTTI,9,0.04355
NYNEQHYRY,9,0.04342
YVSYHTVYI,9,0.0433
KLKLPIIMK,9,0.04304
TLANFLCLLM,10,0.0428
VPAMFTAAL,9,0.04242
NLDTSPFFV,9,0.04192
VLSDFKTWL,9,0.0418
ILAVDGVLSV,10,0.04168
RLLDLAQEGL,10,0.04128
FVFLVLLPL,9,0.04076
GDTPVLPHE,9,0.04074
MLDDFSAGA,9,0.04061
FTFSDVINI,9,0.04053
GAMLFLISGK,10,0.0405
SPRRARSVA,9,0.0402
LPVYFGSVF,9,0.04008
GFLIAYQPLL,10,0.03994
SLYNTISVL,9,0.03987
RMMEYGTTMV,10,0.03985
AGDSGFAAY,9,0.03981
EYLVSFGVW,9,0.03976
IIISIFLQV,9,0.03949
FLYNVYPGA,9,0.03945
YIWIKNLET,9,0.03887
QIYAGIKVK,9,0.03857
ALSLAAVLV,9,0.03843
QIGGLVGGSV,10,0.03834
STSRVPYDI,9,0.03798
KLQEMEGTV,9,0.03768
CQLVLHQIL,9,0.03759
LTFKGPGAWA,10,0.03754
FLSNVGHYV,9,0.03703
VVFEDVKGT,9,0.03701
NESLIDLQEL,10,0.03664
LLCAGQVTAL,10,0.03655
FLTSVINRV,9,0.03639
SMLEFMYLA,9,0.03625
ATYQRTRAL,9,0.03572
LIVDAVLQL,9,0.03564
FLYLYALVY,9,0.03563
NLATSIYTI,9,0.0355
LMGLGKGWPL,10,0.0352
MTYTGGVMT,9,0.035
NMPNDPNRNV,10,0.0345
QTSVFSATVY,10,0.03445
GLDGAVDMG,9,0.03438
HLIMFEQYFI,10,0.03424
DLDFGDLLKY,10,0.0338
ALIRFLQQL,9,0.0334
MGLGKGWPL,9,0.03286
NMLDNNTLW,9,0.03261
GLNERLLSV,9,0.03259
WPLYVLLHLL,10,0.03246
LLNPCLINV,9,0.03234
WPLYVLLHL,9,0.03198
VLDKVEETV,9,0.03183
SMNATLVQA,9,0.03179
KVVDELVKV,9,0.03162
YQLAVFMLM,9,0.03149
PYRVVVLSF,9,0.03138
KLLGQINLV,9,0.03104
MENTRATKM,9,0.03095
MLLAVLYCL,9,0.03091
GLALLACAGL,10,0.03091
LLAVGATKV,9,0.03083
SVLNDILSR,9,0.03075
RPADSITYLM,10,0.03046
LPRRSGAAGA,10,0.03043
GTHTMEVTV,9,0.03033
VLNDILSRL,9,0.03
RPADSITYL,9,0.0298
SMIGLCACVV,10,0.02945
TLLLEGVMAA,10,0.02926
LLIDLTSFLL,10,0.02911
APNYRQVEL,9,0.02888
ILQNRLVYV,9,0.02853
ALTEMDYFI,9,0.02851
MLGTHTMEV,9,0.0284
TLDEKVAEL,9,0.02833
VILFIMFMLI,10,0.02832
SPAHLINKL,9,0.02827
ETDDYMFFV,9,0.02782
ALMTLDDLAI,10,0.02724
VTYVPAQEK,9,0.02711
VSDEGGSPI,9,0.02675
YLESFCEDV,9,0.02674
EDTDEDSDN,9,0.02664
MLIASTLIV,9,0.02641
LPLLALLAL,9,0.0264
STELNYNHLY,10,0.02617
FLGKIWPSH,9,0.02609
IPMSTYGWNL,10,0.02579
YTALHYYYL,9,0.02428
RTWNYHGSY,9,0.02418
VLKEGSEYRV,10,0.02402
TLKCLRYRFK,10,0.02395
RMQKEITAL,9,0.0238
MLNGIMYRL,9,0.02342
FIYLLFASM,9,0.0234
AVAVVAMAAI,10,0.02312
QLPPAATQTL,10,0.0229
GLREDLLSL,9,0.02269
ALCEKVTII,9,0.02263
RLYLASIVYL,10,0.0226
LLIHFLLSLV,10,0.02241
SLLSEFCRV,9,0.02237
WLSLLVPFV,9,0.02224
VMNILLQYVV,10,0.02218
TPTLHEYML,9,0.02147
GTRTTPSIV,9,0.02136
VLGPISGHV,9,0.02121
VLGPISGHV,9,0.02121
YVLLHLLVV,9,0.02106
LLIADNPQL,9,0.02104
VTYECPLLV,9,0.02077
ETFWAKHMW,9,0.02069
TFPNITLKI,9,0.02067
MVWESGCTV,9,0.02063
NMVYATTSR,9,0.02042
LMAVVLASL,9,0.02036
LLIDLTSFL,9,0.02004
VGLSPTVWL,9,0.01993
FTSAVLLLVV,10,0.01939
IMSSFEFQV,9,0.0192
FIFSILVLA,9,0.01905
GYLQPRTFL,9,0.01892
CYSLYGTTL,9,0.01888
LMDSIFVST,9,0.01871
YLIKLIEPV,9,0.0187
KAFLTQLDEL,10,0.01862
ALFDIESKV,9,0.01855
RLANECAQV,9,0.01828
TLLCVLPAVV,10,0.01825
GQHPTNPNL,9,0.01791
ILSLFLISLV,10,0.01752
SMINGVVKL,9,0.01739
SMIGLCACV,9,0.01727
SAFGNHASTV,10,0.01719
SLGPLLDGT,9,0.01712
TPRMCTREEF,10,0.01712
NYNYLYRLF,9,0.0171
RPDVIKLLFL,10,0.01694
PVVPNAPPA,9,0.01693
CMLGTYTQDF,10,0.01644
SPLSINTRM,9,0.01644
ILKDFSILL,9,0.01643
RLDKVEAEV,9,0.01617
LPSFGVSGI,9,0.01614
CPILSTINI,9,0.01602
AASTLLYATV,10,0.01598
FLYSFFLCI,9,0.01567
VLPAVVYST,9,0.01505
FLSRLVLYA,9,0.01492
VMATLLPPV,9,0.01468
FMECNLNEL,9,0.01455
LAAVLVVMA,9,0.01454
KTFDSEYVK,9,0.01447
VLYCLLWSF,9,0.01359
LLSLFSLWL,9,0.01347
LYALALLLL,9,0.01336
CLEASFNYL,9,0.01335
TARHTPVNSW,10,0.01309
VLYSYILFL,9,0.01305
RYHSIYDVF,9,0.01299
LALLLLDRL,9,0.01296
NVLLYNRLL,9,0.01275
FTDWANKQY,9,0.01242
SLITSGLFI,9,0.0121
TMLARLASA,9,0.01209
VTDPEHLMM,9,0.01203
FMQRIISLSV,10,0.01193
KQLIKVTLVF,10,0.01182
SYILFLSCII,10,0.01177
FPSGMFAEV,9,0.01112
RAYSDLFFT,9,0.01069
VMNILLQYV,9,0.01066
RSCTLPPLRY,10,0.0104
IMVLSFLFL,9,0.01038
SSDIASLNY,9,0.01035
AVLEVLSAL,9,0.01015
QLLQHYREV,9,0.01004
PLDCVLYRY,9,0.00983
LLLFHSYAI,9,0.00971
KLSGLGLNAV,10,0.00956
STLDIMALI,9,0.00956
SPAIFQCSM,9,0.00942
VVEGQVDYY,9,0.00922
MMMLPATLAF,10,0.00918
KLGGYVSFV,9,0.00914
PVLMFLLFYV,10,0.0091
LPIRYQTPA,9,0.00892
PMMCYFLTA,9,0.00867
SYFVVKRHTF,10,0.00844
LVHTPSIDK,9,0.00831
VLYRYGSFS,9,0.00796
WPAPPGARSM,10,0.00759
RIRGGDGKM,9,0.00738
ALYDVVTKL,9,0.00694
QLNDYEQLL,9,0.00663
FPYEGGKVF,9,0.00657
YQMLLALVAL,10,0.0064
ILYMGFRLYL,10,0.0063
YVPGYSITT,9,0.00617
VLLHAVYSI,9,0.00613
MTKALGISY,9,0.00613
LPRNMVITCQ,10,0.00603
HPTISNGYL,9,0.00577
NTKYRSWYL,9,0.00573
NPLSTTRGAL,10,0.00571
TLAPQVEPL,9,0.00562
KSGAIKVLK,9,0.00533
QNDPTVVMY,9,0.00494
ALRTDYNASV,10,0.00413
EVKEKHEFL,9,0.0041
FTLVAPVSI,9,0.00378
EYILSLEEL,9,0.0035
VSSLSEITY,9,0.00329
VSSLSEITY,9,0.00329
RPTRSVYNFL,10,0.00324
VAVHVASGY,9,0.00316
AMASTEGNV,9,0.0031
KLPEPTSGV,9,0.00307
YVHGDTYSL,9,0.00296
EGAAQGDDD,9,0.00285
WIVQENNGA,9,0.00259
SWWTSLNFL,9,0.00236
CMVICLLSFI,10,0.00236
YLMLLFAAMI,10,0.00229
SILEDPPSI,9,0.00229
HAMHISTGL,9,0.00198
NQVKFYFNK,9,0.00194
LWFHISCLTF,10,0.00162
CFTNVYADSF,10,0.00158
LAVDGVLSV,9,0.00156
VPQYGYLTL,9,0.00152
IMYTYFSNT,9,0.00106
LLILSCIFA,9,0.00091
GLLDQVAAL,9,0.00066
YTGGYDVSL,9,0.00056
KLSDVGHQY,9,0.00034
RPGYHTQTA,9,0.00024
ILDEKPVII,9,0.00011
VMACLVPAA,9,1e-05
SILQNVHATL,10,-0.00011
APHRVSGVI,9,-0.00023
FTSAVLLLV,9,-0.00041
YLSGANLNL,9,-0.00073
HPAATHTKAV,10,-0.00123
FLLALLPLV,9,-0.00131
RMLASAGEL,9,-0.0014
TLEEFSAKL,9,-0.00146
FPRGQGVPI,9,-0.00164
TMIKTAVAVV,10,-0.0019
ILLSDILRV,9,-0.00231
DKKQRFHNI,9,-0.00244
FTVYNELTKV,10,-0.0028
VLIEGKCFV,9,-0.00315
IESGANPLY,9,-0.00343
VLLLVVVMM,9,-0.00346
ALLAGLVSL,9,-0.00349
APRELLQYI,9,-0.00361
EADPTGHSY,9,-0.00362
FIRMWNQAAL,10,-0.00366
YLVAYQATV,9,-0.00417
IFWQFHQLL,9,-0.00445
ILNDEQLNL,9,-0.00446
YVVDDPCPI,9,-0.0051
ALFGIKLPAL,10,-0.00524
LLLLFHSYAI,10,-0.00525
NLFGGKFLV,9,-0.00558
VQMPTAEST,9,-0.00569
ILMNDQEVGV,10,-0.00582
RAIEAQQHL,9,-0.00585
FPKNDFVSF,9,-0.00653
ALAAATPMVV,10,-0.00655
ITMSAFLIV,9,-0.00677
ALMLRLLRI,9,-0.00732
GLGQVPLIV,9,-0.0074
LLRAESLPGA,10,-0.00743
TLMNVLTLV,9,-0.00747
SLHVGTQCA,9,-0.00768
CPFICGKAV,9,-0.00782
YMLDLQPETT,10,-0.00814
VSLADTNSL,9,-0.00821
LVISGLFPV,9,-0.00839
LLLISLVYA,9,-0.00854
GLLHHAPSL,9,-0.00874
LLFIQGYSI,9,-0.00876
YLCRHCLNLL,10,-0.0088
AQVVLQAAI,9,-0.00902
RILPYTFKI,9,-0.00902
RQVPLDCVL,9,-0.00906
LMNGQQIFL,9,-0.00912
RLLPLLALL,9,-0.00946
GMAELMAGL,9,-0.00983
ALMGAVTSL,9,-0.00984
GMVTTSTTL,9,-0.01003
RLNEVAKNL,9,-0.0101
ALHIYMNGT,9,-0.01014
KLSCAVHLI,9,-0.01017
ELTARLNSL,9,-0.01019
QMSCTDAACI,10,-0.0102
AQLDAVLSA,9,-0.01034
LSMPQVNIVK,10,-0.01041
VTRGAVLMHK,10,-0.01054
IMILLVLVSA,10,-0.01082
LLAALVQDYL,10,-0.01101
VTEQYGNLEK,10,-0.01161
VTEQYGNLEK,10,-0.01161
VKNPYPISF,9,-0.01164
CYSQVNPITL,10,-0.0118
PTTSRRDVY,9,-0.01191
PTTSRRDVY,9,-0.01191
QIYPGIKVK,9,-0.01196
LLAVLYCLL,9,-0.01202
RLCAYCCNIV,10,-0.01268
MDLEKRHVL,9,-0.01271
VLEKGIPTL,9,-0.0129
PMGKLTFFV,9,-0.01306
VIGQCIYTI,9,-0.01322
DLLMGTLGIV,10,-0.01358
KLPDDFMGCV,10,-0.01388
FVVPILLKA,9,-0.01396
SISVLISAL,9,-0.01444
LLLDRLNQL,9,-0.01446
SWLLGAAMV,9,-0.01451
LMMTLPSIFL,10,-0.01455
TLLCVLPAV,9,-0.01459
SIHVTVSNV,9,-0.0147
HIYFVSLLL,9,-0.01477
IPANTIKYL,9,-0.01489
FSMELPSFGV,10,-0.01498
ILAALFMYYA,10,-0.01531
LLIKGGVEV,9,-0.01556
MYTYFSNTI,9,-0.01563
AIMDKVIIL,9,-0.01574
APIQGTNLL,9,-0.01576
MQWLTQYYI,9,-0.01578
MMMLPATLA,9,-0.01585
NLVPQVATV,9,-0.016
LFCICKFVF,9,-0.01616
RPRVCTKEEF,10,-0.01636
VLKAGQTVTI,10,-0.01637
LLILCVTQV,9,-0.01652
RLFSYNFTT,9,-0.01668
NPRPFYNSDL,10,-0.01671
ALYDVVSTL,9,-0.01676
ALFGIKLPA,9,-0.01714
SPMPRHHSIV,10,-0.01767
FLLSLGIHL,9,-0.01775
ILMDSIFVST,10,-0.0178
AIMDKTIIL,9,-0.01806
QDALPGPCI,9,-0.01822
SLQNSEFLL,9,-0.01864
YLDGQLARL,9,-0.01868
RLLLLGLLLL,10,-0.01884
RVFTSAVLL,9,-0.01885
KVVSLVILA,9,-0.01917
NPYPTESLAL,10,-0.01929
LEDPASREL,9,-0.01941
ILRGSVAHK,9,-0.01942
FLALSILVL,9,-0.01952
QLLQANPIL,9,-0.01975
VISTAPVQM,9,-0.01982
FVSCCGELTV,10,-0.01988
GLCTLVAML,9,-0.01996
MLDLQPETT,9,-0.02002
FLMPFMHYIV,10,-0.02007
SLIYYQNEV,9,-0.02012
ALDEKLFLI,9,-0.02017
TLIHQSITGL,10,-0.02031
KRGPSTEGV,9,-0.02042
LLNKHIDAY,9,-0.02074
TLISRALVV,9,-0.02128
EHPTFTSQY,9,-0.0213
NAPPAYEKL,9,-0.02164
AAAASTYTGF,10,-0.02215
LLGAAMVGA,9,-0.02219
MIMYLVLGI,9,-0.02222
LLLLLFHSYA,10,-0.02289
LLLIYLYLKV,10,-0.02292
HPRISSEVHI,10,-0.02349
SYSHNVTQL,9,-0.02351
DSIQDLLLEY,10,-0.02386
NFLILSDLI,9,-0.02397
LLLLISLVYA,10,-0.02402
FLIVLSVAL,9,-0.02409
PTGRSICPS,9,-0.02472
TYTSGEACL,9,-0.0251
YAFSGVAYA,9,-0.02575
FPVRPQVPL,9,-0.026
CPGTYASRL,9,-0.02609
SPHPPTSVFL,10,-0.02615
LLLLDRLNQL,10,-0.02634
TPKGAVMDII,10,-0.02642
ALIDCNPCTL,10,-0.02654
RLVCTLLNA,9,-0.02663
GLDFSDLYY,9,-0.02674
FLLLTSIPI,9,-0.02685
TELAIKLGF,9,-0.02719
GPWHLGKLEL,10,-0.02721
KTFVDLMRR,9,-0.02726
SWTPVVNMI,9,-0.02756
NFNQFVSIF,9,-0.02766
VMLAAQMFIV,10,-0.02767
NLNELVKHGL,10,-0.02785
TFFNRLYSI,9,-0.02833
RWKKINITI,9,-0.02849
VVMACLVPAA,10,-0.02857
AVFDVEQKL,9,-0.02899
FMPKVNFEV,9,-0.02919
TYGPVFMCL,9,-0.02946
TFFKFLADK,9,-0.02946
LLDVAPLSL,9,-0.02962
HLCGSHLVEA,10,-0.0301
KISHIMLDVA,10,-0.03015
FLPSDFFPSI,10,-0.03029
FLPSDFFPSV,10,-0.03029
RYNVIASSI,9,-0.03041
FTMGVLCLAI,10,-0.03075
RTLEDLLMGT,10,-0.03089
QLPLESDAV,9,-0.03141
GPISGHVLK,9,-0.03146
KEEGQHLLY,9,-0.03159
KEEGQHLLY,9,-0.03159
MLYQLLEAV,9,-0.03164
CMTWNQMNL,9,-0.03183
CYTWNQMNL,9,-0.03183
RLQPNVPLV,9,-0.03204
INVHHYPSA,9,-0.03205
TYACFVSNL,9,-0.03209
LLHLLVVQYV,10,-0.03232
AAERKHRHL,9,-0.03239
FTFTNVCSL,9,-0.03254
ILGALLSIL,9,-0.03273
FDIDLLLQR,9,-0.03276
CQNILLSNA,9,-0.03282
KHFLRNQPL,9,-0.03309
RLLSPTTIV,9,-0.03381
SYIMYNILPI,10,-0.03396
SYISDTVNI,9,-0.03407
KLLRDSHVL,9,-0.03423
FPTPKTFTPL,10,-0.03428
RMLGDVMAV,9,-0.03438
QEGAMHTAL,9,-0.03456
FQFYKVREI,9,-0.03468
KVLPDGQVI,9,-0.0349
FPVRPQVPLR,10,-0.0351
GTSGSPIVNR,10,-0.03516
SLSVVRPMT,9,-0.0352
YLYASFCTV,9,-0.03555
LLAPGGNSM,9,-0.03568
AIMEKNIVL,9,-0.0359
SWTKCIHFF,9,-0.03592
EVFCVQPEK,9,-0.03595
MVSRLLLNR,9,-0.036
SQKRSFVYV,9,-0.03614
RMIAISAKV,9,-0.03654
FIDTVSVYT,9,-0.03659
IYQTSNFRV,9,-0.03669
TWRDMAHTLI,10,-0.03705
GLTFKGPGA,9,-0.03726
ALMAITKNV,9,-0.03727
LLWNGPMAV,9,-0.03739
FMLPIMYGPI,10,-0.03752
SLPRSRTPI,9,-0.03762
YTINCLLYI,9,-0.03777
KLLSHFYPA,9,-0.03797
KLWESPQEI,9,-0.03815
QLLDQVEQI,9,-0.0384
FVDYNFSLV,9,-0.03872
FPVTPQVPL,9,-0.03902
SYISGTNGI,9,-0.03939
LLVGYNDSA,9,-0.04013
VTSSGAIYK,9,-0.04018
LQLPQGTTL,9,-0.04022
ILDSFDPLV,9,-0.04023
RPDVIKLLF,9,-0.0405
LLTTPKFTV,9,-0.04066
RIRLVVPSAL,10,-0.04116
ALHYYYLCL,9,-0.04116
ADLMGYIPLV,10,-0.04146
ASFFSSWQI,9,-0.04177
QIAMTDTTPF,10,-0.04178
SLYQLENYC,9,-0.04193
FLSYISDTV,9,-0.04215
SLFMILCTR,9,-0.04236
SWPKFAVPNL,10,-0.04278
FANHKFTLV,9,-0.04307
FMLMETMFFI,10,-0.0431
VPYLGKREDQ,10,-0.04318
ILFIMFMLI,9,-0.04356
STFGMLYFA,9,-0.04406
RYRQRLISL,9,-0.04414
GADLEKYFY,9,-0.04418
SYTIYKISI,9,-0.04442
VTDTNKFDNY,10,-0.0449
VVLSGTTAA,9,-0.04491
VEEDLTMTR,9,-0.04496
AIVDKNITL,9,-0.04537
FLIAYQPLL,9,-0.04591
AYHPQQFIY,9,-0.04594
SLGGLLTMA,9,-0.04598
CLGGLLTMV,9,-0.04598
CLGGLLTMN,9,-0.04598
GLIYTYSGL,9,-0.04602
RYEDYRSLI,9,-0.04616
SNDSTFTQY,9,-0.04619
ILLLLISLV,9,-0.04638
LVPMVATVQ,9,-0.04639
VLGGPVSGL,9,-0.04666
ATGMTPAEV,9,-0.04682
VLPFDIKKL,9,-0.04692
VLMIKALEL,9,-0.04711
RMATMLEYV,9,-0.04734
NMSQAEYLV,9,-0.04751
SFFKCFRYVF,10,-0.04778
ALSEDLLSI,9,-0.04781
EILGALLSI,9,-0.04786
SLYNTVSTL,9,-0.04799
TLGFGAYMSK,10,-0.04844
YIIKNTFNV,9,-0.04854
PSLILVSQY,9,-0.04892
ALLAGLVSLL,10,-0.04927
VFWAKHMWNF,10,-0.04937
FLIPKGFYA,9,-0.04942
MLAAQMFIV,9,-0.04947
FLYLASHYEK,10,-0.04953
LPFDKPTIM,9,-0.0496
YQSGLSIVM,9,-0.04969
YQSGLSIVM,9,-0.04969
VLRKEEEKL,9,-0.04995
LLADKFPVL,9,-0.05002
SYACPILSTI,10,-0.05013
NLLTTPKFT,9,-0.05078
LIMYSVIGV,9,-0.05084
NMLRIMASL,9,-0.05086
ILADANLDKV,10,-0.0509
FMNLYSFTI,9,-0.05111
LLMPTISLI,9,-0.05118
YMLDLQPET,9,-0.05198
VLEETSVML,9,-0.05244
MIFISSFLL,9,-0.05259
SLMSWSAIL,9,-0.05272
ALFKYDINI,9,-0.05318
KISHIMLDV,9,-0.05325
FTNAAYMAL,9,-0.05345
RPAADGKTV,9,-0.05375
WYTNLDTDKF,10,-0.05385
LFLNTLSFV,9,-0.05397
YPIPSNCIGM,10,-0.05399
TLHEYMLDL,9,-0.05405
HPSIVKVLL,9,-0.05422
TFTCMAFTI,9,-0.05434
ILSSAIFST,9,-0.05465
SEMAEALKGM,10,-0.05467
ALAVLSVTL,9,-0.05477
LAALFMYYA,9,-0.05504
KMFPDLTKV,9,-0.05524
SLSLHPLYV,9,-0.05532
RPMTFKGAL,9,-0.05548
VELRQYDPV,9,-0.05556
FLADLLHSV,9,-0.05558
CLGHNHKEV,9,-0.0558
VVIAAISMYK,10,-0.05582
VVIAAISMYK,10,-0.05582
LPFDKTTVM,9,-0.05626
RFIAQLLLL,9,-0.05651
KVIQYLAYV,9,-0.05654
SPMPRHHSI,9,-0.05667
IPMGVGLSP,9,-0.05682
FVGSYLVIV,9,-0.05691
NFLRSIAML,9,-0.05692
PGKISHIML,9,-0.05701
AMFTTMYNI,9,-0.05734
SPASGICLPA,10,-0.05776
LLVGYNDSAA,10,-0.05828
GMVDGSVLV,9,-0.05865
AQPKRRRHR,9,-0.0589
AGLGQVPLI,9,-0.05928
VLLQRLHLL,9,-0.05938
TLIVNSVLLF,10,-0.05964
HIFYQLANV,9,-0.05972
SVPLNQCNWL,10,-0.06065
AIMDKNIIL,9,-0.06069
GLSISGNLL,9,-0.06092
FTNSQIFNI,9,-0.06107
VLIGGKPDRV,10,-0.06118
HPISFLEKF,9,-0.06121
ITYNYQLFL,9,-0.06131
ALGDLFQSI,9,-0.0617
SSTASALGK,9,-0.06186
ETDNAGLKEY,10,-0.06215
LLQRGPQYS,9,-0.06288
SQILKEHPV,9,-0.06289
FMIEGLMTSL,10,-0.06305
RPFYNSDLEF,10,-0.0631
RYTRRKNRI,9,-0.06314
GLNDYLHSV,9,-0.06318
SLTSINVQA,9,-0.0632
RMPTVLQCV,9,-0.06404
LLMYNLLTI,9,-0.06414
NLVPSVATV,9,-0.0643
VWINNSWKF,9,-0.0644
RPTRSVYNF,9,-0.06446
ASPISSIFSR,10,-0.06446
SLAAGVKLL,9,-0.06455
RLKDYQHFV,9,-0.06462
EPMSIYVYA,9,-0.06467
TEVPANSTVL,10,-0.06481
YLDKVRATV,9,-0.06518
QTDNQLAVF,9,-0.06541
FMYFCEQKL,9,-0.06541
PIGENSPLL,9,-0.06612
LLAQEQLEK,9,-0.06626
YILELCNSL,9,-0.06652
SYLRYYNML,9,-0.06666
VYSGSIPYL,9,-0.06694
HIAGSLAVV,9,-0.0676
FVYPSNFDV,9,-0.06779
LYANSAHAL,9,-0.06792
TTERKTPRV,9,-0.068
RLLYPDYQI,9,-0.06804
FLQDVMNIL,9,-0.06808
FSECNALGSY,10,-0.06845
EEDLTMTRN,9,-0.06846
RYQSLIPRL,9,-0.06871
RPRLCTKEEF,10,-0.06906
HPKFMTNTM,9,-0.06944
TSIANLPKL,9,-0.06953
TPPGSRDPF,9,-0.06964
ILHLLDLHSL,10,-0.06966
MIKPCCERV,9,-0.06967
AVTNPEKTL,9,-0.06978
YPLHIASKI,9,-0.07024
SLFGGMSWI,9,-0.0704
HLIKIPLLI,9,-0.07048
IPLKYIVLM,9,-0.07056
LLAGLVSLL,9,-0.07124
VLKRCLLHL,9,-0.07132
VTSNGLYCY,9,-0.07227
LLVLMAVVL,9,-0.07297
QMDYSNGLFV,10,-0.07298
NLIALSLGL,9,-0.07352
SLMSGVEPL,9,-0.07359
LARNLVPMV,9,-0.07361
KLFSYGTLI,9,-0.07389
YLQQNTHTL,9,-0.07394
YAQMWTLMY,9,-0.07402
NLVPMVATV,9,-0.0742
NLVPMVATV,9,-0.0742
KQDFSVPQL,9,-0.07428
VTLPTGQCL,9,-0.07432
VYDPLQPEL,9,-0.07466
VYDPLQPEL,9,-0.07466
SIFFYSSFV,9,-0.07475
RYPGVMYAF,9,-0.07486
LVLMAVVLA,9,-0.07498
LLISLVYAT,9,-0.07547
MEWLKTRPI,9,-0.07552
NLDDVYSYI,9,-0.07554
GMTPEKVPV,9,-0.0757
YGSGKIVLY,9,-0.07596
LLLSNLAIV,9,-0.07603
SPYYRNSVA,9,-0.07611
ATDALMTGF,9,-0.07697
LILATMLVA,9,-0.07697
ATDALMTGY,9,-0.07697
SFVYVPSAL,9,-0.07732
ITDQVPFSV,9,-0.07746
IMDQVPFSV,9,-0.07746
AAVKAGAAL,9,-0.07772
LLVQRVTSV,9,-0.0778
RYIVDKNVI,9,-0.078
VMQGCLEST,9,-0.0786
TYFNLGNKF,9,-0.07887
TILDKILNV,9,-0.07914
FANYKFTLV,9,-0.07934
SLADTNSLA,9,-0.07937
SLKDVLVSV,9,-0.07974
FLMLVGGSTL,10,-0.08
CRVLCCYVL,9,-0.08001
LLSLFSTLV,9,-0.08031
ALWMRLLPL,9,-0.08068
SPTQYPRLM,9,-0.0808
FLNAFGMYSL,10,-0.08081
SPRLYASGI,9,-0.08095
ILLVLMAVV,9,-0.08102
TLQDVSLEV,9,-0.08167
QPRLTPPQPL,10,-0.08204
FTNNKFTLS,9,-0.08213
FANNKFTLV,9,-0.08213
RLSRKLINGI,10,-0.0828
NMLSTVLGV,9,-0.08297
IYHPQQFVYA,10,-0.08338
ALGDILSSI,9,-0.0838
FALLKFTYL,9,-0.08396
MINAYLDKL,9,-0.08405
ALIRYLQQL,9,-0.0842
STSAGRKRK,9,-0.08437
APVIKARMM,9,-0.08477
TTLITNLSSV,10,-0.0849
MLVGGSTLCV,10,-0.08492
VLQLPQGTTL,10,-0.08502
SPFGYSFSM,9,-0.08509
KLWAQCVQL,9,-0.08512
VSVNNVCHMY,10,-0.08526
TMHSLTIQM,9,-0.08559
AVLVVMACL,9,-0.08564
RYTDSIQDL,9,-0.0857
ISGHVLKAV,9,-0.08583
VMIIVSSLAV,10,-0.08601
CLNVSLADT,9,-0.08612
YLNPGNYSM,9,-0.08613
LILDPKINV,9,-0.08654
RALSLAAVL,9,-0.0869
MMMMKWIISI,10,-0.08706
ILDLISESPI,10,-0.08731
TPRYIPSTSI,10,-0.08775
RGRPVSGPF,9,-0.08777
SYDMFNLLLM,10,-0.08808
RIILNGSLL,9,-0.08846
VYTQLCDHRL,10,-0.08884
ILDAHSLYL,9,-0.08918
TPINSRIKL,9,-0.08937
LIMVLSFLF,9,-0.08967
SLYKGPIPV,9,-0.0898
LLTTLSNRV,9,-0.09009
YLQNGRDMYV,10,-0.09019
YIDISDVKV,9,-0.09026
TLMAMDLGEL,10,-0.09037
KLPQLCTEL,9,-0.09045
SLYKGVYEL,9,-0.09096
CYSQVNPTTL,10,-0.09136
LRSEGSPLV,9,-0.09152
KYQLKHIVW,9,-0.09187
VMLEMLNYV,9,-0.09191
ITPMLRHTI,9,-0.0924
SADNNNSEY,9,-0.09282
YPRPPGSGL,9,-0.09308
SILSPFLPLL,10,-0.09315
SLSPLQAEL,9,-0.09318
KESCNGLYY,9,-0.09387
NIVNVSLVK,9,-0.09388
RLLCALTSL,9,-0.09409
HPRYFNQLST,10,-0.09428
TYGPVFMSL,9,-0.09462
QVILCPTSV,9,-0.0948
TLEDLLMGT,9,-0.09482
TFHGAKEVSL,10,-0.09487
KLKDVLLQV,9,-0.09496
SYKDFKDAI,9,-0.0951
LLYNCCYHV,9,-0.09518
CPKSIPGLS,9,-0.09519
FVFPTKDVA,9,-0.09552
AIMDKTVIL,9,-0.09554
KLTPPHSAK,9,-0.09567
SLPMLYFLYV,10,-0.09602
LQDSVDFSL,9,-0.09605
TFTSRNNHL,9,-0.09612
FIYSIMETI,9,-0.09619
IMDKNIILKA,10,-0.09658
MQLMPFGCLL,10,-0.09718
RPHHDQRSL,9,-0.09737
YAQDYDQYI,9,-0.09792
HLIFCHSRKK,10,-0.09805
RFKHINKYF,9,-0.0981
IYNDKVAGF,9,-0.0981
KLFSDISAI,9,-0.09835
SPDCMVICL,9,-0.09837
ALAMEVYQA,9,-0.09844
FLWSVFMLI,9,-0.09885
FLAVLSPTI,9,-0.09897
NPCHTTKLL,9,-0.09909
TYSTYGKFL,9,-0.09994
RPIVISKAL,9,-0.10053
FTNAACMAL,9,-0.10072
SYAAAQRKL,9,-0.10119
DQVPFSVSV,9,-0.10131
SPRPEMQEF,9,-0.10142
FLGDDPSPA,9,-0.10162
VTAQVVLQA,9,-0.10184
RPKIKTNDI,9,-0.10204
LADTNSLAV,9,-0.10227
NMQTVKLFV,9,-0.1023
FLLSLFSLWL,10,-0.10254
ALSKGVHFV,9,-0.10314
MVICLLSFI,9,-0.10351
RYKDYVVKW,9,-0.10358
TIADYNYKL,9,-0.10379
NIADYNYKL,9,-0.10379
KIADYNYKL,9,-0.10379
SMPASHNNL,9,-0.10412
KVLSIMAFI,9,-0.10435
MYTIDSSTI,9,-0.10455
EYRHYCYSL,9,-0.10478
TLLRKHTLK,9,-0.10479
GVKHVYQLR,9,-0.10497
LTDLGQNLLY,10,-0.10569
NYNNLDDKF,9,-0.10581
VLDQLRCNGV,10,-0.10617
KLDDKDPNFK,10,-0.10638
KIFNYNMGV,9,-0.1066
KVYDKLFPV,9,-0.107
QLHDPSGYL,9,-0.10727
LITGRLQSL,9,-0.10776
KGALDLSHF,9,-0.10802
IYVLVMLVL,9,-0.1081
DVEDLLSYY,9,-0.1082
SMREDHKSF,9,-0.10906
SLFKNVRLL,9,-0.10924
QMVEASLSV,9,-0.1095
PLLIPTSKL,9,-0.10956
LLIYLYLKV,9,-0.11016
TMFKIVYSL,9,-0.11032
GILLVLMAV,9,-0.11034
LMWYELSKI,9,-0.11038
SLDSLVHLL,9,-0.11039
IYVLVMLVLL,10,-0.11064
LLNNYTLKI,9,-0.11103
LVKPSFYVY,9,-0.11106
SLNQTVHSL,9,-0.11136
KLYCSYEVA,9,-0.11141
QLIPCMDVVL,10,-0.11162
GLKRGPSTE,9,-0.1123
PKNMIIKPG,9,-0.1124
QLPEEKQPL,9,-0.11259
SPQVKDNII,9,-0.11288
FPVPTIKSV,9,-0.11334
LLFNKVTLA,9,-0.11337
YLTLAKHTI,9,-0.11348
TPQDNQLAYV,10,-0.11396
GFADLMGYI,9,-0.11464
AIMDKNITL,9,-0.11577
ATSRTLSYY,9,-0.11604
FLSPNQVTNV,10,-0.11612
DVSQEVRKY,9,-0.11622
KLVSISNFI,9,-0.11626
ILDDNLYKV,9,-0.11634
DLGYDYSYL,9,-0.11638
RYCCYYCLTL,10,-0.11638
LPFEKSTIM,9,-0.11646
KSLNYSGVK,9,-0.11672
FMFIGSPMYL,10,-0.11698
FLAYYPPMM,9,-0.11702
FTSSFYNYV,9,-0.11727
FPTKDVALR,9,-0.1174
VMCGGSLYV,9,-0.11765
SQFTCSLAV,9,-0.11767
CLLTTSGVSA,10,-0.11776
NMLKLVYIF,9,-0.1179
SRNSTHEMY,9,-0.11842
YVYALPLKM,9,-0.11843
QLLNSVLTL,9,-0.11903
RPTPKGAVM,9,-0.11952
VLQCVNVSV,9,-0.11956
RPTPKGTVM,9,-0.11978
NPSVLKILL,9,-0.12012
FLDKGTYTL,9,-0.1207
EFFLMVLLI,9,-0.12114
GKISHIMLD,9,-0.12117
NYLDLSALL,9,-0.12127
TLYTAVSST,9,-0.12146
YAQMWTLMYF,10,-0.1216
YLYALYSPL,9,-0.12221
APTLYVKAL,9,-0.12244
CPEEKQRHL,9,-0.12321
VFLVSQLFTF,10,-0.12492
FVANFSMEL,9,-0.12524
LWPKTHTLW,9,-0.12607
WIIKNSWTA,9,-0.12621
ATVLMGLGK,9,-0.12642
LIDLQELGKY,10,-0.1271
FLIMYSVIGV,10,-0.12722
IQNSGGTSIF,10,-0.12789
RTATKAYNV,9,-0.12831
AVQTKPGLFK,10,-0.1284
LIDQYLYYL,9,-0.12868
FLLPLTSLVI,10,-0.12873
LPVCAFSSA,9,-0.12883
AIGGGKLPAL,10,-0.12884
SIIAYTMSL,9,-0.12935
QLSEYQTSV,9,-0.12949
SPVISPLSI,9,-0.13024
SVFNVVNSSI,10,-0.13048
ILMHCQTTL,9,-0.13055
QLLDVKLAL,9,-0.13058
FLLPSLATV,9,-0.1306
TVFDASRSTV,10,-0.1309
ALAADPQSL,9,-0.13119
VLVVMACLV,9,-0.13121
VPWVSASHF,9,-0.13155
FISSFLLPL,9,-0.13245
SLTQYESGS,9,-0.13313
VYFLQSINF,9,-0.13315
RPRFLSQNM,9,-0.13347
ELEQRSTAY,9,-0.13377
GTYCLNVSL,9,-0.13416
TFSDIQKEF,9,-0.13432
SYAQMWTLMY,10,-0.13458
AMAGASTSA,9,-0.13473
SLFSLLLVI,9,-0.13495
FLLPLTSLV,9,-0.13512
ILHTNMPNV,9,-0.13518
IILNGSLLTL,10,-0.13533
GLDQYLESV,9,-0.13556
VPFMRTDML,9,-0.13564
AAQPKRRRH,9,-0.13612
RYDAKAYLY,9,-0.1362
SLMNVHSNG,9,-0.13626
TMYYKDVTV,9,-0.13652
FRKDVNMVL,9,-0.13765
RPFPSTHQL,9,-0.1381
SYNNKCIHL,9,-0.13814
LGFGAYMSK,9,-0.13814
VPAGAKCRLV,10,-0.13865
RNLYVSLLL,9,-0.13869
FLIVSLCPT,9,-0.13878
QLAEQFKQK,9,-0.13883
IIITCCLLSV,10,-0.1392
ALNTPKDHI,9,-0.13922
SLFSLLPGV,9,-0.13927
LLTTSGVSA,9,-0.13936
RYGSFSVTL,9,-0.13968
IMAVGMVSI,9,-0.13988
STNVRSGMK,9,-0.13989
MPASHNNLA,9,-0.1403
DQYVKVYLE,9,-0.1404
RIYSDPLALK,10,-0.14077
RMGKTVLYY,9,-0.14086
RMGKTVLYY,9,-0.14086
RYSAVFKDSF,10,-0.14107
SLSTFQQMWI,10,-0.14126
HVLKAVFSR,9,-0.1415
RYRHYKISL,9,-0.14159
SFLKYLLEHL,10,-0.14204
FNMLSTVLGV,10,-0.14216
SPMGKLTFF,9,-0.14218
SFTLMVESF,9,-0.14286
QLIPCMDVV,9,-0.14292
SMITMSAFL,9,-0.14305
SMITMSAFL,9,-0.14305
YLKLRSDVL,9,-0.14365
EIASLPTYL,9,-0.14441
LLTLSPHYK,9,-0.14496
NLIIKNLSK,9,-0.14499
NLIIKNLSK,9,-0.14499
PLPVSRLVSL,10,-0.14502
ENTRATKMQ,9,-0.14528
SMPTQTPSL,9,-0.14682
VPSYLYHLSI,10,-0.14739
RFLEKTSFY,9,-0.14753
YLYALYSPLL,10,-0.1478
LLSSGAFSA,9,-0.1482
RPRVTKQYIV,10,-0.14826
KLHLISLLSL,10,-0.14862
IILNGSLLT,9,-0.14868
TFTSQYRIQ,9,-0.14871
CVRVSGQGL,9,-0.14882
HPLYVIMSPM,10,-0.14892
ITGSLGPLL,9,-0.15021
MTQKARNAL,9,-0.15038
FIDSYICQV,9,-0.15077
SPVSILSTL,9,-0.15085
FLPSDFLPSV,10,-0.15093
DYNFVKQLF,9,-0.15134
YLQDSDPDS,9,-0.1519
YLAKLTALV,9,-0.15202
SFHSLHLLF,9,-0.15216
ATVKTGNIKL,10,-0.15257
TNDQSFNDY,9,-0.15276
AQFAPSASA,9,-0.1528
PYIEQGMQL,9,-0.15283
SIMSTESIT,9,-0.15328
VIVMLTPLV,9,-0.1534
LLWSFQTSA,9,-0.15351
MMRKLAILSV,10,-0.15364
RMATKPPVI,9,-0.15392
HLAAQGMAY,9,-0.15417
HISALKRRY,9,-0.15421
HISALKRRY,9,-0.15421
IHVRVSQPS,9,-0.15429
LLTTSGVSAI,10,-0.15434
YPRSNCGGLA,10,-0.15445
SLCKLNNVFY,10,-0.15445
KNMEKPGLK,9,-0.15457
SPPIPMSRL,9,-0.15516
ILDPKTGLV,9,-0.1553
NILLSNAPL,9,-0.15541
WLFKHLFSA,9,-0.1558
AVVSTQLIM,9,-0.15591
GYPALMPLY,9,-0.15617
FADCMYYFL,9,-0.15625
DLTSFLLSL,9,-0.15633
SAPLPSNRV,9,-0.15651
FSVPLDKDF,9,-0.15672
VLISPVSIL,9,-0.15707
RYYNMLDDF,9,-0.15747
PLKMLNIPS,9,-0.15775
RYLPSLVLI,9,-0.15794
LMFLFSSNI,9,-0.15829
YPRSNCGGL,9,-0.15832
FTIDFKLKY,9,-0.15884
FTIDFKLKY,9,-0.15884
LLMNGQQIF,9,-0.15955
FVMLEMLNYV,10,-0.15972
YFFYSNIMNF,10,-0.15982
NLYRIGQSKV,10,-0.16118
SYAAAQRKLL,10,-0.16239
NPWMEDKTPV,10,-0.16242
KTSERSQPR,9,-0.16252
FLHESDPMVI,10,-0.16277
LVSSLSEITY,10,-0.16282
LVSSLSEITY,10,-0.16282
SWLSLLVPF,9,-0.16295
IPDYRSVSL,9,-0.16367
MRGAKRMAIL,10,-0.16375
AEPSGTTSV,9,-0.16443
VVFSDMETK,9,-0.16499
ILSVSSFLFV,10,-0.16512
CLHQSAVRK,9,-0.16525
CLHQSAVRK,9,-0.16525
LLNYILKSV,9,-0.16532
KPGTSGSPII,10,-0.16537
KPGTSGSPIV,10,-0.16537
ALYDVVSKL,9,-0.16544
CGYPALMPLY,10,-0.1662
NPYAVCDKCL,10,-0.16675
YLASHYEKL,9,-0.16725
TFFRTSPMVI,10,-0.16774
HLGNVKYLV,9,-0.16791
YLGMFNPYSL,10,-0.16822
RPMTYKAAV,9,-0.16866
RPMTYKAAL,9,-0.16866
RPMTYKAAF,9,-0.16866
IVNGAMMFYV,10,-0.16956
LPFEKSTVM,9,-0.1701
HPTYLPKVL,9,-0.17024
FVDTMSIYI,9,-0.17031
WQPAAQPKR,9,-0.17053
ILPGQDLQYV,10,-0.17106
PGLSISGNL,9,-0.17138
LLMEGVPKSL,10,-0.17215
VLASTTAKA,9,-0.17241
KLDDKDPNF,9,-0.17274
FPRIKNVSPL,10,-0.17282
VQPPQLTQV,9,-0.17292
RPMTYKGAV,9,-0.17308
RPMTYKGAL,9,-0.17308
VLALYSPPL,9,-0.17363
VIGDQYVKV,9,-0.17412
QMVSSVTFI,9,-0.17415
RYSSLTLANF,10,-0.17437
KLEPMASIL,9,-0.17469
GLIMVLSFL,9,-0.17496
YYMATLKNVT,10,-0.17497
SGNLLMNGQ,9,-0.17502
AHVDKCLEL,9,-0.17589
YYMATLKNV,9,-0.17605
SYTNQTLSL,9,-0.17619
LQLYSLFSL,9,-0.17672
FLVDGLSSI,9,-0.178
LLDEPSSGL,9,-0.1784
TPRYSGASV,9,-0.17976
RWYNKHNDL,9,-0.17976
STGMTPEKV,9,-0.17984
TLRLVKRQV,9,-0.18116
FLFYPSMFTL,10,-0.18144
YLLGDSDSV,9,-0.18157
SPTQYPRLML,10,-0.1816
RPRMCSREEF,10,-0.18178
DPRRCLKPV,9,-0.18254
SLILVSQYT,9,-0.18341
LYASPQLEGF,10,-0.18351
EYVSQPFLM,9,-0.18399
ALNTLVKQL,9,-0.18466
IVDKNITLKA,10,-0.18532
SPYIPKKIV,9,-0.18532
SYRSTYMIL,9,-0.18579
GLQDCTMLV,9,-0.18592
ALLMYNLLTI,10,-0.18732
YLLSLFSTL,9,-0.18761
MIAQYTSAL,9,-0.18768
SQDLSVVSK,9,-0.18802
TSAGRKRKS,9,-0.18812
ILSDDMLNI,9,-0.18822
VLKGVKLHY,9,-0.18916
QYVKVYLESF,10,-0.1896
KLSSFFQSV,9,-0.19039
PYAVCDKCL,9,-0.19088
KLSSLGLNAV,10,-0.19101
MQLMPFGSLL,10,-0.1913
RPWKPGQRV,9,-0.19152
LMMMLPATLA,10,-0.19219
APKTATSSW,9,-0.19258
YLASGGQPI,9,-0.19311
RPRDKSILTL,10,-0.19338
SLVDQLPSL,9,-0.19354
FLHYCNSYA,9,-0.19359
TPRYSGASVF,10,-0.19369
QEPMSIYVY,9,-0.19512
SQEPMSIYV,9,-0.19523
VLLQAGSLHA,10,-0.19525
MMLKLLTDF,9,-0.19612
KLVDSTDKA,9,-0.19612
RGDNQLQVQ,9,-0.19619
YLLSLFSTLV,10,-0.19632
FVSSIKFYI,9,-0.19693
HFGLLCPKS,9,-0.19707
AIIPLSASV,9,-0.19813
FLQMALLYI,9,-0.19816
ILLLSLNPV,9,-0.19824
LMMMLPATL,9,-0.19924
SYNPESGMLF,10,-0.19964
QLMAEKLQL,9,-0.20017
DFKTWLQSKL,10,-0.2007
SMSSYDFST,9,-0.20075
ILSPLTKGI,9,-0.20132
LWEGSPGKF,9,-0.20234
YILCNMALL,9,-0.20291
APSYSAEMRL,10,-0.20413
NPNMIDKTPV,10,-0.20432
KPRQKRTAT,9,-0.20542
ALLMYNLLT,9,-0.20583
MTSCVSEQL,9,-0.20666
SMKYLMLLFA,10,-0.20692
QEGAMHSAL,9,-0.20694
SSNIMSESY,9,-0.20707
LLALLSCLTV,10,-0.20779
LLALLSCLTI,10,-0.20779
MNRRKRSVT,9,-0.2079
ALKNNGKVV,9,-0.20879
FAVPNLQSL,9,-0.20892
TEAFEKMVSL,10,-0.20912
YIVKLLISA,9,-0.20918
IITCCLLSV,9,-0.21061
ILKGKFQTA,9,-0.21078
MQRKHGGML,9,-0.2108
DLVLKRCLL,9,-0.21102
GTDMLTVMY,9,-0.21152
GTDMLTVMY,9,-0.21152
FQDYIKSYL,9,-0.2117
FLFVNSQCL,9,-0.21175
VPMVTQMAM,9,-0.21204
FLFYPSMFT,9,-0.21205
NVMPVLDQSV,10,-0.2123
RLLPSLLLLL,10,-0.21294
GLLPSLLLLL,10,-0.21294
FANSKFTLVA,10,-0.21327
AVFDRKSDAK,10,-0.21343
YLDAYNMMI,9,-0.21392
LLLDYMTST,9,-0.21408
ACEDDKLMIY,10,-0.21446
ACEDDKLMIY,10,-0.21446
NPRKQVPFM,9,-0.2151
NLLSPASFF,9,-0.21526
AYAQKIFKI,9,-0.21578
KLVGKTVKV,9,-0.21712
LLFNSSFCI,9,-0.21804
KYPKLESEF,9,-0.21827
SLNYSGVKEL,10,-0.21856
SILSSFFSL,9,-0.21883
SLMSLSIEI,9,-0.21918
YAQMWQLMY,9,-0.2196
TTKRDLGMSK,10,-0.22008
YPSNKNYEI,9,-0.22092
SYNRSMTTI,9,-0.22098
RYMSSEPII,9,-0.22192
FIHLQLYSL,9,-0.22368
SGKQMWQAR,9,-0.22395
NFKKWCNSL,9,-0.22417
LIEKPVAPSV,10,-0.22429
FIFLQMALL,9,-0.22472
FLDKSIHLT,9,-0.2248
SIASAYYMF,9,-0.22487
KPGTSGSPI,9,-0.22524
RPMSLRSTII,10,-0.22908
LLFKTNRKV,9,-0.22961
RLYKTLGQL,9,-0.22992
ALVVSQLLR,9,-0.23104
FLEAKGYKEV,10,-0.23211
KMIAKSEQEI,10,-0.23354
RLVKRQVPL,9,-0.23388
VSEKYTDMY,9,-0.23544
RPSSQVFRSV,10,-0.23555
MRGAKRMAI,9,-0.23625
TPRSMPGTRR,10,-0.23657
KLPKYSLFEL,10,-0.23844
RYFTSYKRF,9,-0.23928
SFLIQSNSL,9,-0.24033
YLFKMIPLL,9,-0.24056
AAAGDKLSL,9,-0.24062
FVYVNGKKI,9,-0.24206
FANSKFTLV,9,-0.24209
SEPVLKGVKL,10,-0.24212
VLSMPQVNIV,10,-0.24284
YYQLYSTQL,9,-0.24301
SWLKDSAIM,9,-0.24395
VVLDSLDPMV,10,-0.24426
FLPSDTNMGL,10,-0.24516
GLRYRSMLL,9,-0.24693
GLRYRSMLL,9,-0.24693
SYIKVNDKI,9,-0.24697
FYVYSRVKNL,10,-0.24794
NRRKRSVTM,9,-0.24801
RPPSFYKPL,9,-0.24803
LPFDKSTVM,9,-0.24853
NMYNVSMAV,9,-0.24858
RYVSYLRKF,9,-0.24943
FLGMESCGI,9,-0.24963
QLFKYVPSA,9,-0.24976
FIPQYLSAV,9,-0.25096
ALIRMLQQL,9,-0.2516
HPAIKKLVY,9,-0.25162
LMGDKSENV,9,-0.25169
KLQQKEEQL,9,-0.25309
FGDSKEPVPY,10,-0.25385
FGDSKEPVPY,10,-0.25385
ASFCGSPYSW,10,-0.25457
SFCGSPYSW,9,-0.25472
SAQCFKMFYK,10,-0.25651
NVFKYLTSV,9,-0.25694
VLPSPACQL,9,-0.25722
GLLDKAVSNV,10,-0.25772
KETACLGKSY,10,-0.25809
YLSFSCYLSV,10,-0.259
KLLSSGAFSA,10,-0.2592
HELVCSMEN,9,-0.25999
GMDPRMCSL,9,-0.26102
CEDDKLMIY,9,-0.26136
RLRSSVPGV,9,-0.26147
QLGPTCLSSL,10,-0.26158
APILLPSSTV,10,-0.26223
LLCPKSIPGL,10,-0.26404
ILVGYMSNL,9,-0.2648
FMDGKQACVL,10,-0.26605
SYKYSQDEF,9,-0.26664
EPVLKGVKL,9,-0.26702
YLMDKLNLT,9,-0.26706
GAKLKALNL,9,-0.26747
RVSQPSLIL,9,-0.26839
LLDKAVSNVI,10,-0.26857
KITSYKFESV,10,-0.26943
RVKEKYQHLW,10,-0.27107
SPKHTNSKL,9,-0.27136
SYSMNSLIVI,10,-0.2718
QYNKPLCDL,9,-0.27288
LTKDKQVEL,9,-0.27338
KIDSTSFSV,9,-0.27506
SLLDVSQTSV,10,-0.27512
STAEQLSKY,9,-0.27541
FMDGKQACV,9,-0.27622
FLLNKEMYL,9,-0.27622
MYYAKRMLF,9,-0.27779
SFFPKLQGNY,10,-0.27818
RPLGKMRTI,9,-0.27844
STHCSGPSV,9,-0.27897
FPTTKAKVL,9,-0.27939
TLDTKPLSV,9,-0.2802
ALPSKYVNFL,10,-0.28187
KLQEQQSDL,9,-0.28535
ELVCSMENT,9,-0.28653
TSDIDPKSSY,10,-0.28736
RLFRKSNLK,9,-0.28759
SLLGQLSGQV,10,-0.28791
CTCGSSDLY,9,-0.28799
VLNPYMPSV,9,-0.28818
SSYSLFDMSK,10,-0.28845
RWCSTSNHI,9,-0.28846
LLCPKSIPG,9,-0.28855
YPTNKLQAA,9,-0.28925
LLMTSLQYA,9,-0.2894
TSTTSMGPCK,10,-0.2894
SLMDLLSSL,9,-0.2922
RLQSLQTYV,9,-0.29331
YMDGTMSQV,9,-0.2935
LLSQYLSRV,9,-0.29368
FPVKPQVPL,9,-0.29508
KVLNPYMPSV,10,-0.29583
DIIEQMKGV,9,-0.29635
LYNSASFSTF,10,-0.29831
MPTNKKINM,9,-0.29837
TLLQQYCLYL,10,-0.29883
ETACLGKSY,9,-0.29911
FLEQQNKILL,10,-0.30032
YLNKIQNSL,9,-0.30066
YLRKHFSMM,9,-0.30072
LPLMRKAYL,9,-0.30204
MSYTMCSGK,9,-0.30371
VYALPLKML,9,-0.3043
DQYPYLKSV,9,-0.30506
SMTSPSPVT,9,-0.30564
VLLSVLQQL,9,-0.30575
VQGQNLKYQ,9,-0.30646
GPMKLVMAFI,10,-0.30848
SPLLSGQQV,9,-0.3094
KLSSLGLNSV,10,-0.31053
LLMMTLPSI,9,-0.31236
KVASSTTQY,9,-0.31325
HPTSNSLNAL,10,-0.31431
RYDVTAKSSF,10,-0.31464
LMMQKFEKV,9,-0.31486
VLCPKNMII,9,-0.31519
FFPKLQGNY,9,-0.31562
LPHSSSHWL,9,-0.31608
MMSCSSEAT,9,-0.31742
YLDLKGPKV,9,-0.31742
DLDLKGPKV,9,-0.31742
EEMCLKNDY,9,-0.31755
SEEPSPYQQY,10,-0.31948
LNFPGSQKV,9,-0.31965
NLLMNGQQI,9,-0.32014
SLIGSKTQI,9,-0.32172
APASSLLPAL,10,-0.32261
TLDYKPLSV,9,-0.32298
QLAKLMATL,9,-0.3247
GLNLVVSSSV,10,-0.32487
NTRATKMQV,9,-0.32491
CTELKLSDH,9,-0.32576
CTELKLSDN,9,-0.32576
CPSQEPMSI,9,-0.32806
GPIKSMIEI,9,-0.32938
LPLKMLNIP,9,-0.32974
TIDQLCKTF,9,-0.33023
SIDQLCKTF,9,-0.33023
SPSVKTSLV,9,-0.33172
VLCPYMPKV,9,-0.33292
STTSMGPCK,9,-0.33383
AMASASTSA,9,-0.3353
VPMEKLKTL,9,-0.33601
AIVSCYGKTK,10,-0.33659
YPPMMCYFL,9,-0.33677
LTNLSEQMLV,10,-0.34058
APASSLLPA,9,-0.34115
ELKGMSYAM,9,-0.34289
HQMSSCFLL,9,-0.343
SQSSMHNAL,9,-0.34332
SYYSLLMPI,9,-0.34359
SSQVLQQSTY,10,-0.34564
SFAKKTVLM,9,-0.3494
ALASCMGLI,9,-0.34945
VLQQSTYQL,9,-0.34952
FLSMLNLTKY,10,-0.35118
FLSMLNLTKY,10,-0.35118
RPSSLLISSL,10,-0.35277
MPVLAYSSSI,10,-0.35527
SPYRSSKVIA,10,-0.36172
RLISMMGFK,9,-0.36257
RLMKQDFSV,9,-0.36378
ASGKQMWQA,9,-0.36484
RYSNISKSL,9,-0.365
RPLMKNTYL,9,-0.36579
YLKKIQNSL,9,-0.36856
FLISLVMKL,9,-0.36941
CLMMMLPATL,10,-0.37024
GPMKLVMAF,9,-0.37128
NLIKLAQKV,9,-0.37153
RPRKLPQLCT,10,-0.3717
SPLSKCVVV,9,-0.37186
SYLVSSLSEI,10,-0.37582
AYQKRMGVQM,10,-0.37614
AYQKRMGVQM,10,-0.37614
LTSCGSSPV,9,-0.37678
SAGRKRKSA,9,-0.37686
NPSKMVYALL,10,-0.37844
TVLCPKNMI,9,-0.37971
YPHYKSCAL,9,-0.38159
NPSKMVYAL,9,-0.3831
YALPLKMLN,9,-0.38324
YQKVGMQKY,9,-0.38452
VCDKCLKFY,9,-0.38634
FLIQSNSLL,9,-0.38665
YPHYKSCALV,10,-0.38853
LMASSPTSI,9,-0.38921
ALMDKSLHV,9,-0.39087
IEACKRKLY,9,-0.39131
IASTPKKHR,9,-0.39154
FPRSMLSIF,9,-0.39297
SPVMSGNSY,9,-0.39462
LPYQGQLKLL,10,-0.39648
MLDMYSVML,9,-0.39659
FIDSYLQKL,9,-0.39707
ALPLKMLNI,9,-0.4032
RYCSYMCLI,9,-0.40485
YLVSSLSEI,9,-0.40573
SLLKSLLLL,9,-0.40798
ALLTKSSEYK,10,-0.40903
TSDACMMTMY,10,-0.41207
SLMASSPTSI,10,-0.41417
SYLKNYKNF,9,-0.41616
KLLKMVTSV,9,-0.41664
SLYNLVKSSV,10,-0.41759
YTDYMPSMK,9,-0.42018
ILDKKVEKV,9,-0.42244
SPYRSSKVI,9,-0.42383
VVEKQSGLY,9,-0.43091
SFTLKRKYQI,10,-0.43196
WLMKNMDPL,9,-0.43336
QVHSSLSVV,9,-0.44301
RPGSLQHQSL,10,-0.44304
HLLTSPKPSL,10,-0.44546
SFNDKQKVTF,10,-0.44806
ALSPSTSKV,9,-0.45504
KLKKIKNSL,9,-0.46252
YLKKIKNSL,9,-0.46252
KLKKIKNSI,9,-0.46252
YTCSMYPSY,9,-0.46447
CLLPKMDSV,9,-0.468
YLMKDKLNI,9,-0.46854
FTDNKSCVSL,10,-0.48298
SLSSQLSNL,9,-0.48681
RYSKKFQESF,10,-0.4879
RYAFSKYMSF,10,-0.48894
KLAKKVLSRV,10,-0.49392
SPLPSPKKL,9,-0.4943
YPRLMLLKKL,10,-0.4946
FLSLMSLSI,9,-0.49761
LIIKLPKYSL,10,-0.49818
KLSPSPSSRV,10,-0.50187
SLKKNSRSL,9,-0.50201
APLFSSKKF,9,-0.51063
VMMSCSSEA,9,-0.51282
DLDVKKMPL,9,-0.51894
FLCLLMKLSI,10,-0.51948
IIKNLSKSL,9,-0.5217
ALIKKYPKL,9,-0.52264
IHASGKQMW,9,-0.52413
APLFSSKKFL,10,-0.5246
TLDSKTQSL,9,-0.52715
SYSKLTSMHF,10,-0.52873
SLASSSASQ,9,-0.53424
CPMMMKRLM,9,-0.5705
QPRKSYKYPF,10,-0.5775
CPASKKESV,9,-0.57893
SYLMKDKLNI,10,-0.58484
TLSKPSPMPV,10,-0.60772
KLRKPKHKKL,10,-0.69855
TLRKPKHKKL,10,-0.69855
